-- --------------------------------------------------------
-- Host:                         127.0.0.1
-- Versión del servidor:         11.2.0-MariaDB-log - mariadb.org binary distribution
-- SO del servidor:              Win64
-- HeidiSQL Versión:             12.1.0.6537
-- --------------------------------------------------------

/*!40101 SET @OLD_CHARACTER_SET_CLIENT=@@CHARACTER_SET_CLIENT */;
/*!40101 SET NAMES utf8 */;
/*!50503 SET NAMES utf8mb4 */;
/*!40103 SET @OLD_TIME_ZONE=@@TIME_ZONE */;
/*!40103 SET TIME_ZONE='+00:00' */;
/*!40014 SET @OLD_FOREIGN_KEY_CHECKS=@@FOREIGN_KEY_CHECKS, FOREIGN_KEY_CHECKS=0 */;
/*!40101 SET @OLD_SQL_MODE=@@SQL_MODE, SQL_MODE='NO_AUTO_VALUE_ON_ZERO' */;
/*!40111 SET @OLD_SQL_NOTES=@@SQL_NOTES, SQL_NOTES=0 */;


-- Volcando estructura de base de datos para lavanderia
CREATE DATABASE IF NOT EXISTS `lavanderia` /*!40100 DEFAULT CHARACTER SET latin1 COLLATE latin1_swedish_ci */;
USE `lavanderia`;

-- Volcando estructura para tabla lavanderia.clients
CREATE TABLE IF NOT EXISTS `clients` (
  `id` bigint(20) unsigned NOT NULL AUTO_INCREMENT,
  `created_at` timestamp NULL DEFAULT NULL,
  `updated_at` timestamp NULL DEFAULT NULL,
  `name` varchar(255) NOT NULL,
  `company` varchar(255) NOT NULL,
  `address` varchar(255) NOT NULL,
  `phone` varchar(255) NOT NULL,
  `cellphone` varchar(255) NOT NULL,
  PRIMARY KEY (`id`)
) ENGINE=InnoDB AUTO_INCREMENT=106 DEFAULT CHARSET=utf8mb4 COLLATE=utf8mb4_unicode_ci;

-- Volcando datos para la tabla lavanderia.clients: ~105 rows (aproximadamente)
INSERT INTO `clients` (`id`, `created_at`, `updated_at`, `name`, `company`, `address`, `phone`, `cellphone`) VALUES
	(1, '2023-08-26 07:47:33', '2023-08-26 07:47:33', 'Jarret White', 'Jacobi-Johns', '83815 Yost Shoals Suite 595\nLake Enriqueborough, MT 86356', '323-907-1531', '765.988.3455'),
	(2, '2023-08-26 07:47:33', '2023-08-26 07:47:33', 'Dr. Llewellyn Kuphal', 'Crona LLC', '4475 Cedrick Drive\nLaurychester, NM 85331-4933', '207.708.8809', '540.895.2926'),
	(3, '2023-08-26 07:47:33', '2023-08-26 07:47:33', 'Jesse Nolan', 'Kihn Ltd', '572 Pink Ville Suite 057\nLake Felix, WV 91467', '+1 (478) 383-8434', '352-979-9490'),
	(4, '2023-08-26 07:47:33', '2023-08-26 07:47:33', 'Keira Roberts', 'Hettinger-Huel', '93694 Lueilwitz Islands Apt. 395\nRhiannaside, GA 66348-1416', '(231) 854-9686', '240-669-2981'),
	(5, '2023-08-26 07:47:33', '2023-08-26 07:47:33', 'Eric Mitchell', 'Thiel, Sanford and Sipes', '151 VonRueden Springs\nLittelmouth, WI 68975-8388', '+1 (475) 258-5514', '360-297-3620'),
	(6, '2023-08-26 07:47:33', '2023-08-26 07:47:33', 'Milo Will', 'Nitzsche, Macejkovic and Haag', '9839 Labadie Villages\nFeiltown, CO 07102-3865', '+1-351-460-6543', '+1 (361) 636-0045'),
	(7, '2023-08-26 07:47:33', '2023-08-26 07:47:33', 'Beatrice Haley', 'Franecki, Moore and Walsh', '2675 Schmeler View Apt. 005\nPagacberg, UT 13639-8033', '(252) 656-5162', '(805) 301-2177'),
	(8, '2023-08-26 07:47:33', '2023-08-26 07:47:33', 'Jaren Schimmel', 'Purdy-Swaniawski', '943 Karson Lock Suite 414\nConsueloville, SC 03233', '212-972-8047', '+1.828.790.4307'),
	(9, '2023-08-26 07:47:33', '2023-08-26 07:47:33', 'Ms. Tess Wunsch DVM', 'Pollich-Bergstrom', '8037 Hamill Port\nIrvingview, CA 85080-0294', '+1.941.229.2172', '+1-520-643-7623'),
	(10, '2023-08-26 07:47:33', '2023-08-26 07:47:33', 'Rosalinda Hermann', 'Mraz LLC', '587 Schultz Forest Suite 335\nSouth Agustinaside, TX 58764-2835', '385.561.5690', '281.390.5140'),
	(11, '2023-08-26 07:47:33', '2023-08-26 07:47:33', 'Rollin Rempel III', 'Conn Inc', '282 Effertz Fork Apt. 195\nWolffmouth, NH 07390-3271', '1-215-269-0935', '(435) 924-8367'),
	(12, '2023-08-26 07:47:33', '2023-08-26 07:47:33', 'Dr. Orie Greenfelder DDS', 'Greenfelder-Green', '831 Garfield Trace Suite 052\nHauckport, SD 46133-7809', '724-957-7889', '+1-234-965-5010'),
	(13, '2023-08-26 07:47:33', '2023-08-26 07:47:33', 'Tyrese Zulauf DVM', 'Gutmann PLC', '39250 Windler Drive Suite 148\nReillyside, VT 26096-3258', '+1-520-723-5421', '+1-856-274-0841'),
	(14, '2023-08-26 07:47:33', '2023-08-26 07:47:33', 'Mrs. Annabel Toy I', 'Goyette, Rosenbaum and Ernser', '5641 Halvorson Islands\nKolbybury, KY 32263', '1-520-322-0485', '+15746876137'),
	(15, '2023-08-26 07:47:33', '2023-08-26 07:47:33', 'Mr. Ferne Armstrong', 'Powlowski Inc', '534 Johns Village\nArneside, MS 45555', '1-364-710-0557', '+1.770.646.0776'),
	(16, '2023-08-26 07:47:33', '2023-08-26 07:47:33', 'Geovanny Blick', 'Considine-Shanahan', '170 Lance Extension\nNew Arnulfo, RI 87423-1541', '573-875-6251', '386.826.7536'),
	(17, '2023-08-26 07:47:33', '2023-08-26 07:47:33', 'Lydia Mueller', 'Stoltenberg-Yost', '408 Kunde Hill\nMacejkovichaven, NV 68448', '1-989-285-3236', '+13477149762'),
	(18, '2023-08-26 07:47:33', '2023-08-26 07:47:33', 'Dr. Lawrence Tromp MD', 'Bailey Inc', '46283 Mertz Trafficway\nReichertborough, AZ 93625', '(351) 589-9983', '386-712-4967'),
	(19, '2023-08-26 07:47:33', '2023-08-26 07:47:33', 'Marcella Douglas', 'Crist-Feest', '6960 Sawayn Loop\nNew Jacklynport, IA 36150-1951', '417.420.4614', '580.419.4740'),
	(20, '2023-08-26 07:47:33', '2023-08-26 07:47:33', 'Wilhelmine Sipes', 'Ledner-Emmerich', '5701 Ryley Manors Apt. 744\nGutkowskiborough, VT 04768', '339.231.6169', '512.317.1356'),
	(21, '2023-08-26 07:47:33', '2023-08-26 07:47:33', 'Florian Schamberger I', 'Mueller, Orn and Homenick', '6437 Hunter Plains\nNew Beaulah, SC 30842-6257', '+1 (516) 364-2510', '+1-925-844-7374'),
	(22, '2023-08-26 07:47:33', '2023-08-26 07:47:33', 'Waino Jacobi', 'Toy PLC', '9780 Pfeffer Inlet Apt. 631\nPort Shanellestad, NH 35994', '+14589622497', '+1 (725) 948-6210'),
	(23, '2023-08-26 07:47:33', '2023-08-26 07:47:33', 'Neva Simonis', 'Gibson-Morar', '354 Harber Extension Suite 054\nSouth Destiniberg, DE 96016', '(507) 646-6915', '+1-734-874-9950'),
	(24, '2023-08-26 07:47:33', '2023-08-26 07:47:33', 'Neil Jacobs', 'Rohan Group', '6499 Rice Gardens\nMcLaughlinbury, NJ 94579-1417', '720-240-8785', '+18647906423'),
	(25, '2023-08-26 07:47:33', '2023-08-26 07:47:33', 'Perry Lakin Sr.', 'Gusikowski-Stanton', '3526 Rohan Grove\nNorth Alvenaside, LA 21440', '567-339-9319', '+1-281-272-8527'),
	(26, '2023-08-26 07:47:33', '2023-08-26 07:47:33', 'Nicholas Thiel', 'Weissnat, McKenzie and Kris', '555 Mikel River\nMcClureton, RI 08031', '+1-432-997-1662', '1-979-747-8454'),
	(27, '2023-08-26 07:47:33', '2023-08-26 07:47:33', 'Prof. Linnie Dickinson', 'Johns-Fadel', '74117 Kip Unions Suite 604\nOkunevabury, MA 51149', '+12253375307', '1-845-548-3936'),
	(28, '2023-08-26 07:47:33', '2023-08-26 07:47:33', 'Owen Gerhold', 'Casper, Torphy and Adams', '568 Bailey Port\nEast Candido, OR 45879-1823', '(336) 916-7446', '308.531.1315'),
	(29, '2023-08-26 07:47:33', '2023-08-26 07:47:33', 'Miss Mittie Brown', 'Bartoletti, Jerde and Dach', '7603 Kuhlman Trafficway\nNew Chase, NY 29654', '+1 (941) 954-3036', '+16184607753'),
	(30, '2023-08-26 07:47:33', '2023-08-26 07:47:33', 'Berenice Johnson', 'Boehm-Wyman', '86272 Bonnie Run\nSamanthaview, WA 14269-0804', '734.695.9829', '+1.908.630.2624'),
	(31, '2023-08-26 07:47:33', '2023-08-26 07:47:33', 'Ms. Josefa Hansen Jr.', 'Johns LLC', '3196 Domenic Turnpike Suite 403\nSchmelerside, NC 34273', '223.993.7228', '463.741.3790'),
	(32, '2023-08-26 07:47:33', '2023-08-26 07:47:33', 'Carmen West', 'Franecki-Wyman', '61735 Stracke Shores Suite 060\nPort Richardfort, KS 16218-0295', '820.617.4040', '(361) 365-6671'),
	(33, '2023-08-26 07:47:33', '2023-08-26 07:47:33', 'Morgan Ferry', 'Spencer-Sporer', '34968 Royce Park Apt. 994\nViolettemouth, MO 41774', '(228) 762-2700', '+1-423-888-3842'),
	(34, '2023-08-26 07:47:33', '2023-08-26 07:47:33', 'Kristy Waters', 'Cruickshank and Sons', '6034 White Points Apt. 815\nNew Glenna, MO 57898', '509.995.5326', '862.386.7256'),
	(35, '2023-08-26 07:47:33', '2023-08-26 07:47:33', 'Carlotta Labadie', 'Stoltenberg, Cremin and Roob', '676 Kutch Plaza\nSouth Jordan, NE 36773', '(308) 977-0024', '681-795-8295'),
	(36, '2023-08-26 07:47:33', '2023-08-26 07:47:33', 'Brock Fahey', 'Graham-Beer', '769 Carmen Harbor\nPort Shealand, MS 27661-0865', '239-608-9398', '+18435198708'),
	(37, '2023-08-26 07:47:33', '2023-08-26 07:47:33', 'Mr. Edgardo Treutel', 'Beier Inc', '4589 Stan Fort\nLake Luramouth, GA 00122-6612', '862-515-8163', '+1-602-202-0411'),
	(38, '2023-08-26 07:47:33', '2023-08-26 07:47:33', 'Keaton Labadie', 'Breitenberg, Kshlerin and Hayes', '87972 Vladimir Locks\nNorth Avery, AL 50294-6555', '1-650-466-5570', '+12396825603'),
	(39, '2023-08-26 07:47:33', '2023-08-26 07:47:33', 'Prof. General Stark', 'Hamill, Brown and Littel', '29486 Harvey Glen\nNew Jodieburgh, LA 30592', '(718) 767-3292', '(402) 394-6082'),
	(40, '2023-08-26 07:47:33', '2023-08-26 07:47:33', 'Alberta Herman', 'VonRueden and Sons', '4006 Marquardt Course\nRaynorfort, RI 00418', '(651) 956-8553', '1-708-532-6437'),
	(41, '2023-08-26 07:47:33', '2023-08-26 07:47:33', 'Annalise Lesch III', 'Wintheiser Inc', '26816 Hettinger Road Suite 452\nNorth Sherwoodside, NY 67305-8170', '+1.657.308.4030', '(414) 575-4720'),
	(42, '2023-08-26 07:47:33', '2023-08-26 07:47:33', 'Destany Gaylord', 'Runolfsson, Hickle and Kuhlman', '5161 Bechtelar Parks Apt. 696\nWest Adeliafurt, ID 21224-8597', '801-793-2012', '(947) 948-5825'),
	(43, '2023-08-26 07:47:33', '2023-08-26 07:47:33', 'Andreane Ratke', 'Wyman-Cummerata', '18018 David Hills Apt. 644\nSouth Zetta, CA 64845-8366', '(239) 561-9050', '207-402-0512'),
	(44, '2023-08-26 07:47:34', '2023-08-26 07:47:34', 'Daniella Beer', 'Nitzsche, Stehr and Luettgen', '8707 Lance Fall Suite 946\nLake Adam, KS 57366', '(551) 386-7815', '+1 (907) 331-3055'),
	(45, '2023-08-26 07:47:34', '2023-08-26 07:47:34', 'Stefan Grady DVM', 'Smith Inc', '912 Kristoffer Street\nGottliebfurt, UT 25040-5775', '+17706351851', '1-703-616-7156'),
	(46, '2023-08-26 07:47:34', '2023-08-26 07:47:34', 'Reyes Beatty', 'Weber-Little', '802 Borer Parks\nNew Issac, UT 55986', '1-314-496-3270', '(310) 447-1474'),
	(47, '2023-08-26 07:47:34', '2023-08-26 07:47:34', 'Connie Daniel', 'Koss, Hoeger and Nicolas', '65756 Rowe Meadows Apt. 456\nLindtown, WA 95665', '+1 (513) 542-4666', '559.350.0678'),
	(48, '2023-08-26 07:47:34', '2023-08-26 07:47:34', 'Tremayne Olson', 'Greenholt PLC', '676 Wintheiser Trail\nGrantville, NM 82695', '(478) 514-1058', '+1.309.844.2946'),
	(49, '2023-08-26 07:47:34', '2023-08-26 07:47:34', 'Thelma Skiles', 'Wunsch, Hill and Walter', '502 Lebsack Divide Apt. 774\nLake Chelsey, SC 21846', '443-998-4418', '(616) 503-0733'),
	(50, '2023-08-26 07:47:34', '2023-08-26 07:47:34', 'Prof. Gia Grady', 'Wuckert, Stark and Gulgowski', '71015 Cesar Green\nWest Darren, TN 44795', '+1-302-237-1895', '(463) 733-0807'),
	(51, '2023-08-26 07:47:34', '2023-08-26 07:47:34', 'Ms. Ophelia Murray', 'Wolf, Frami and Schmitt', '5169 Danyka Inlet Suite 689\nLake Lianafurt, IA 77637-3267', '1-435-372-1866', '+12068842526'),
	(52, '2023-08-26 07:47:34', '2023-08-26 07:47:34', 'Kaya Beahan', 'Hill, Prohaska and Gleason', '443 Palma Points\nPort Elsieton, OH 03881-9191', '307-413-6706', '323.318.8347'),
	(53, '2023-08-26 07:47:34', '2023-08-26 07:47:34', 'Mr. Tyrese Cummings', 'Wilderman PLC', '27031 Wendy Greens\nEast Ferne, OR 34875', '334.386.5447', '(561) 384-7338'),
	(54, '2023-08-26 07:47:34', '2023-08-26 07:47:34', 'Prof. Franco Thompson', 'Lindgren, Heathcote and Stamm', '9266 Selmer Square\nClementinatown, TX 06047', '+1.478.266.1838', '(870) 274-7572'),
	(55, '2023-08-26 07:47:34', '2023-08-26 07:47:34', 'Hillary Smitham', 'Aufderhar, Auer and Marquardt', '45146 Flatley Mall Apt. 243\nLake Sybleberg, UT 61158-7681', '+1 (458) 224-4237', '+1 (276) 232-3351'),
	(56, '2023-08-26 07:47:34', '2023-08-26 07:47:34', 'Ona Nicolas PhD', 'Jerde-Kling', '15916 Smitham Crossroad\nMillsview, NM 99919', '+19087767723', '754.534.9444'),
	(57, '2023-08-26 07:47:34', '2023-08-26 07:47:34', 'Prof. Earlene Medhurst IV', 'Kiehn, Haley and Swaniawski', '170 Nolan Villages\nHyatttown, NY 77927', '1-262-289-1119', '1-443-686-1902'),
	(58, '2023-08-26 07:47:34', '2023-08-26 07:47:34', 'Lenna Deckow', 'Pfannerstill and Sons', '57087 Leatha Skyway Apt. 242\nNorth Winonaview, CA 40428-9527', '1-216-804-9108', '+1-901-785-1021'),
	(59, '2023-08-26 07:47:34', '2023-08-26 07:47:34', 'Francesca Bins', 'Koepp Inc', '329 Kiehn Radial\nWest Francescaville, NH 95043-5215', '+1-631-441-9353', '325-922-5328'),
	(60, '2023-08-26 07:47:34', '2023-08-26 07:47:34', 'Mrs. Raphaelle Wilkinson I', 'Strosin and Sons', '704 Gloria Centers Suite 235\nSouth Mason, NM 17742-9333', '269.461.9538', '959.733.2307'),
	(61, '2023-08-26 07:47:34', '2023-08-26 07:47:34', 'Mrs. Krista Bosco', 'Medhurst-Padberg', '60310 Emmanuel Rue\nPort Dannie, TX 82890-9906', '+1 (248) 578-5636', '678.334.6000'),
	(62, '2023-08-26 07:47:34', '2023-08-26 07:47:34', 'Dale Franecki', 'Corwin Group', '143 Rosemary Crossroad\nLake Lottiehaven, DE 95527', '(276) 423-0972', '650.413.8526'),
	(63, '2023-08-26 07:47:34', '2023-08-26 07:47:34', 'Rhoda Kovacek Jr.', 'Kemmer PLC', '192 Sage Plains\nEast Karolannshire, OH 69727', '(321) 636-7327', '+1-478-666-8851'),
	(64, '2023-08-26 07:47:34', '2023-08-26 07:47:34', 'Rickie Cruickshank', 'Towne-Dickinson', '61972 O\'Reilly Trace Suite 503\nLake Zaria, TX 14400', '+13853242003', '1-272-260-6438'),
	(65, '2023-08-26 07:47:34', '2023-08-26 07:47:34', 'Prof. Lydia Labadie V', 'Romaguera Inc', '599 Eleonore Roads\nBrannonside, VA 97290-8094', '757.427.1185', '(854) 304-2444'),
	(66, '2023-08-26 07:47:34', '2023-08-26 07:47:34', 'Mr. Neil Kirlin Sr.', 'Rice, Swift and Connelly', '579 Green View Suite 828\nImaniton, CO 49028', '901.749.6690', '+1.601.865.9700'),
	(67, '2023-08-26 07:47:34', '2023-08-26 07:47:34', 'Pedro Rippin', 'Zulauf-Kilback', '2747 Gislason Station\nLake Kristin, FL 67837', '+1-860-227-8612', '458.898.1128'),
	(68, '2023-08-26 07:47:35', '2023-08-26 07:47:35', 'Joe Greenholt', 'Dibbert PLC', '193 Maya Springs\nWest Sidberg, AR 49429', '(720) 850-6237', '+15393085714'),
	(69, '2023-08-26 07:47:35', '2023-08-26 07:47:35', 'Bret Friesen', 'Kohler Group', '4166 Else Manors\nWest Griffin, NV 95639-8035', '+1-586-913-8993', '+1 (308) 907-7974'),
	(70, '2023-08-26 07:47:35', '2023-08-26 07:47:35', 'Carmen Howell', 'Leuschke-Wilkinson', '979 Ebert Radial\nGottliebside, ID 75019', '(479) 500-3162', '1-320-547-3236'),
	(71, '2023-08-26 07:47:35', '2023-08-26 07:47:35', 'Dr. Alexandro Kreiger Sr.', 'Pouros and Sons', '33804 Erich Forest\nNorth Hillaryborough, WA 42928-1271', '(341) 944-7888', '1-430-286-1664'),
	(72, '2023-08-26 07:47:35', '2023-08-26 07:47:35', 'Arjun Hegmann', 'Cummings, Pacocha and Rath', '2899 Feest Canyon\nAltenwerthborough, TX 45724-5055', '+1-269-212-1662', '1-325-518-1902'),
	(73, '2023-08-26 07:47:35', '2023-08-26 07:47:35', 'Miss Twila Bechtelar I', 'Kuhn-Spinka', '568 Spencer Inlet Suite 300\nToyshire, NM 00437', '+1.810.396.7618', '+18286542039'),
	(74, '2023-08-26 07:47:35', '2023-08-26 07:47:35', 'Reymundo Cormier', 'Hill PLC', '9645 Swift Park\nAshleybury, WI 78250-6964', '(248) 729-9849', '321.451.0388'),
	(75, '2023-08-26 07:47:35', '2023-08-26 07:47:35', 'Jordyn Schaefer', 'Ratke, Lebsack and Hauck', '5107 Prohaska Mall\nHeaventown, UT 17269-6540', '+1.920.240.3763', '+14348159816'),
	(76, '2023-08-26 07:47:35', '2023-08-26 07:47:35', 'Charity Marks', 'Hegmann-Stokes', '5650 Rod Run Apt. 068\nWest Kieran, GA 21016-1923', '(272) 614-5527', '+12397586977'),
	(77, '2023-08-26 07:47:35', '2023-08-26 07:47:35', 'Joshuah Swaniawski III', 'Kub-Gorczany', '653 Gaylord Village\nNicoleshire, OR 27558', '+13603178584', '484.785.3060'),
	(78, '2023-08-26 07:47:35', '2023-08-26 07:47:35', 'Evalyn Rippin', 'Ratke, Mohr and Jerde', '225 Stroman Rue\nMayertchester, MD 50095', '(539) 353-7934', '1-360-339-2595'),
	(79, '2023-08-26 07:47:35', '2023-08-26 07:47:35', 'Casandra Ritchie', 'Marks PLC', '9418 Mac Squares\nJuniusshire, AL 81649', '385.932.2376', '+1-321-910-4038'),
	(80, '2023-08-26 07:47:35', '2023-08-26 07:47:35', 'Jordyn Romaguera', 'Marks-Blick', '9285 Eulah Coves Apt. 718\nHilpertton, MA 63806', '385.749.9058', '1-434-684-9187'),
	(81, '2023-08-26 07:47:35', '2023-08-26 07:47:35', 'Dr. Sigmund Lind DDS', 'Davis, Wisoky and Harber', '70887 Schulist Motorway Suite 880\nSouth Noreneville, MO 61704', '+1 (346) 783-3886', '630-905-3026'),
	(82, '2023-08-26 07:47:35', '2023-08-26 07:47:35', 'Dr. Ramona Hodkiewicz III', 'Buckridge-Yundt', '72086 Ettie Tunnel\nSouth Jaleel, AL 99863', '380-705-8293', '(423) 204-3856'),
	(83, '2023-08-26 07:47:35', '2023-08-26 07:47:35', 'Ronaldo Fisher', 'Lehner-McKenzie', '678 Goldner Flat Apt. 140\nEast Fatimaberg, OH 33939-0478', '+1-201-559-0238', '+17265436442'),
	(84, '2023-08-26 07:47:35', '2023-08-26 07:47:35', 'Prof. Christop Bahringer', 'Feest, Hudson and Schneider', '16901 Jevon Groves\nHowelltown, PA 90627', '+1 (206) 839-8357', '(775) 946-1436'),
	(85, '2023-08-26 07:47:35', '2023-08-26 07:47:35', 'Beau Walsh', 'Turcotte-Bergstrom', '7830 McGlynn Square Suite 304\nEast Carlie, RI 27749', '(848) 830-7662', '+1-220-917-7148'),
	(86, '2023-08-26 07:47:35', '2023-08-26 07:47:35', 'Claire Predovic', 'Dickinson, Hauck and Baumbach', '18574 Jett Summit\nAniyaside, NE 53211-6155', '458.501.0043', '(989) 830-7281'),
	(87, '2023-08-26 07:47:35', '2023-08-26 07:47:35', 'Prof. Jalen Keeling', 'O\'Kon, West and Bergstrom', '77777 Corkery Forge Apt. 339\nSouth Fabiola, LA 78278', '(940) 808-0967', '432-912-7293'),
	(88, '2023-08-26 07:47:35', '2023-08-26 07:47:35', 'Prof. Julio Sanford III', 'Kiehn, Altenwerth and Crona', '44538 Sasha Stravenue Apt. 662\nWest Filomenashire, IA 10849-0608', '+1 (417) 272-1789', '442-949-9356'),
	(89, '2023-08-26 07:47:35', '2023-08-26 07:47:35', 'Tom O\'Connell', 'Sawayn, Ledner and Klein', '3301 Joelle Shores\nKaylatown, PA 80326-7837', '+1-858-914-8413', '+1 (765) 981-5871'),
	(90, '2023-08-26 07:47:35', '2023-08-26 07:47:35', 'Troy Weimann I', 'Bechtelar-Ernser', '13901 Liam Via\nRichardbury, NM 64370', '+1-605-371-1494', '1-380-754-4143'),
	(91, '2023-08-26 07:47:35', '2023-08-26 07:47:35', 'Jamil Durgan', 'Pfeffer Inc', '381 Frankie Land Suite 717\nMichelefort, IA 71476', '361.440.5695', '1-678-680-4476'),
	(92, '2023-08-26 07:47:35', '2023-08-26 07:47:35', 'Laura Wolff', 'Cartwright Ltd', '651 Rolfson Mall\nKochshire, KY 15223-3901', '858.365.7230', '1-904-510-3422'),
	(93, '2023-08-26 07:47:35', '2023-08-26 07:47:35', 'Lenny Berge', 'Lubowitz, Nicolas and VonRueden', '32353 Heller Trail\nGilesview, MN 84427', '+18546140085', '+1-938-626-3678'),
	(94, '2023-08-26 07:47:35', '2023-08-26 07:47:35', 'Kacie Beer', 'Howe Inc', '35279 Chris Pine\nNew Jany, IL 77712', '+1 (941) 218-0231', '662-683-5054'),
	(95, '2023-08-26 07:47:36', '2023-08-26 07:47:36', 'Alex Okuneva', 'Franecki-Donnelly', '2697 Alessandra Well Apt. 917\nLangmouth, HI 74476', '1-929-317-3402', '480.470.3254'),
	(96, '2023-08-26 07:47:36', '2023-08-26 07:47:36', 'Mrs. Damaris Hammes IV', 'Flatley, Marquardt and Quigley', '9222 Smith Ports Apt. 770\nMitchellmouth, MD 00594-8704', '520.902.1950', '321-445-4266'),
	(97, '2023-08-26 07:47:36', '2023-08-26 07:47:36', 'Kevon Daniel', 'Collins, Cummings and Conn', '61887 Ernest Curve Apt. 338\nSouth Marceloshire, MS 37791', '(320) 436-4009', '443-307-6629'),
	(98, '2023-08-26 07:47:36', '2023-08-26 07:47:36', 'Prof. Monte Purdy', 'Mosciski-Tromp', '8317 Durgan Rue Suite 297\nNew Lauren, UT 95291-1928', '+1-559-700-1940', '+1-575-898-8002'),
	(99, '2023-08-26 07:47:36', '2023-08-26 07:47:36', 'Darrick Fisher', 'Terry-Hane', '95882 Gonzalo Points\nPort Ivahtown, NH 63706-7006', '(832) 314-8581', '931-262-6115'),
	(100, '2023-08-26 07:47:36', '2023-08-26 07:47:36', 'Laverna Ebert', 'Prohaska-Russel', '71766 Cartwright Track\nSouth Angelstad, MA 38321', '+1-734-375-1469', '1-740-997-1687'),
	(101, '2023-08-26 07:47:36', '2023-08-26 07:47:36', 'Meagan Turner', 'Gorczany, Blanda and White', '93009 Lavon Wells\nPort Delta, RI 23402-1097', '+13642622582', '+1.754.778.8565'),
	(102, '2023-08-26 07:47:36', '2023-08-26 07:47:36', 'Maddison Corkery MD', 'Breitenberg LLC', '9792 Kling Isle\nEast Elwyn, AZ 89434-4344', '551-562-3008', '+1.737.980.4182'),
	(103, '2023-08-26 07:47:36', '2023-08-26 07:47:36', 'Vita Herman', 'Kessler, West and Kautzer', '44325 Ledner Highway Apt. 925\nNorth Arlo, ID 80340', '1-218-772-4369', '+1.820.822.1249'),
	(104, '2023-08-26 07:47:36', '2023-08-26 07:47:36', 'Connor Tillman', 'Emmerich-Durgan', '1966 Hahn Dam\nKorbinborough, IA 81867', '+1 (669) 457-0843', '1-283-769-9461'),
	(105, '2023-08-26 07:47:36', '2023-08-26 07:47:36', 'Sofia Romaguera', 'Abbott-Nikolaus', '31116 Larissa Parks Suite 096\nSouth Whitneytown, ID 54615', '(615) 428-3385', '+1-628-688-9504');

-- Volcando estructura para tabla lavanderia.companies
CREATE TABLE IF NOT EXISTS `companies` (
  `id` bigint(20) unsigned NOT NULL AUTO_INCREMENT,
  `created_at` timestamp NULL DEFAULT NULL,
  `updated_at` timestamp NULL DEFAULT NULL,
  `client_id` bigint(20) unsigned NOT NULL,
  `name` varchar(255) NOT NULL,
  `address` varchar(255) NOT NULL,
  `phone` varchar(255) NOT NULL,
  PRIMARY KEY (`id`),
  KEY `companies_client_id_foreign` (`client_id`),
  CONSTRAINT `companies_client_id_foreign` FOREIGN KEY (`client_id`) REFERENCES `clients` (`id`)
) ENGINE=InnoDB AUTO_INCREMENT=86 DEFAULT CHARSET=utf8mb4 COLLATE=utf8mb4_unicode_ci;

-- Volcando datos para la tabla lavanderia.companies: ~5 rows (aproximadamente)
INSERT INTO `companies` (`id`, `created_at`, `updated_at`, `client_id`, `name`, `address`, `phone`) VALUES
	(1, '2023-08-26 07:47:33', '2023-08-26 07:47:33', 21, 'Kassulke-Reichel', '82228 Kamren Crossroad Apt. 850\nNorth Estellborough, CO 83408-5236', '820-572-7364'),
	(2, '2023-08-26 07:47:33', '2023-08-26 07:47:33', 22, 'Kunde-Johnston', '51382 Hettinger Locks\nBernhardton, SC 50016', '+18788466776'),
	(3, '2023-08-26 07:47:33', '2023-08-26 07:47:33', 23, 'Hauck, Blick and Shanahan', '6265 Addison Way\nJordantown, AL 68616-0220', '360.432.0791'),
	(4, '2023-08-26 07:47:33', '2023-08-26 07:47:33', 24, 'Gleichner-Mraz', '1201 Daniel Court Suite 473\nOfelialand, VA 63693', '463.752.0639'),
	(5, '2023-08-26 07:47:33', '2023-08-26 07:47:33', 25, 'Larson, Keebler and Flatley', '7335 Boyer Roads\nRunolfssonburgh, ME 55035-0306', '+1-863-757-1919'),
	(6, '2023-08-26 07:47:33', '2023-08-26 07:47:33', 26, 'Rutherford, Parker and Von', '2846 Ariel Courts Apt. 587\nNew Malvina, OK 51998-8323', '+1.682.738.7462'),
	(7, '2023-08-26 07:47:33', '2023-08-26 07:47:33', 27, 'Hammes, Bernier and Roberts', '626 Zemlak Dale\nEast Clare, LA 06373', '+1-937-898-7703'),
	(8, '2023-08-26 07:47:33', '2023-08-26 07:47:33', 28, 'Macejkovic Inc', '8271 Reichert Parkway\nDouglashaven, IL 78561-0604', '+1.269.202.5920'),
	(9, '2023-08-26 07:47:33', '2023-08-26 07:47:33', 29, 'Ondricka, Hegmann and Streich', '633 Curtis Avenue\nLake Mara, NV 07311', '(985) 852-9793'),
	(10, '2023-08-26 07:47:33', '2023-08-26 07:47:33', 30, 'Kiehn-Ferry', '107 Jerde Glens\nMrazland, CO 69845', '662.844.6159'),
	(11, '2023-08-26 07:47:33', '2023-08-26 07:47:33', 31, 'Green, Roberts and Zboncak', '4820 Dach Dam Apt. 305\nAlfonzomouth, WA 81481', '1-272-622-8987'),
	(12, '2023-08-26 07:47:33', '2023-08-26 07:47:33', 32, 'Leannon, Strosin and Nicolas', '73346 Flatley Route Suite 828\nLeuschkebury, ND 35804-6526', '+1-347-355-2261'),
	(13, '2023-08-26 07:47:33', '2023-08-26 07:47:33', 33, 'Stracke and Sons', '497 Cortney Ramp\nBrendashire, OK 97351', '+1.512.556.8103'),
	(14, '2023-08-26 07:47:33', '2023-08-26 07:47:33', 34, 'Gusikowski, Jacobi and Weissnat', '25103 Maria Port\nNorth Arnulfo, RI 19954', '740-442-4571'),
	(15, '2023-08-26 07:47:33', '2023-08-26 07:47:33', 35, 'Barrows-Jacobson', '19367 Donnelly Alley Suite 701\nIzaiahfort, VT 21912-4383', '763.450.8889'),
	(16, '2023-08-26 07:47:33', '2023-08-26 07:47:33', 36, 'McKenzie, Ziemann and Macejkovic', '77947 Rosenbaum Walk\nEast Arvel, MA 64644', '+1.862.446.6824'),
	(17, '2023-08-26 07:47:33', '2023-08-26 07:47:33', 37, 'Parker, Prohaska and Romaguera', '861 Turcotte Estate\nLangbury, IN 73921', '(980) 617-3175'),
	(18, '2023-08-26 07:47:33', '2023-08-26 07:47:33', 38, 'Collier-Schiller', '746 Wunsch Glen\nLake Jamesonfort, ME 76536-2250', '+1-920-303-9400'),
	(19, '2023-08-26 07:47:33', '2023-08-26 07:47:33', 39, 'Gulgowski PLC', '27620 Metz Dale\nWest Araceli, IA 20458-2140', '442.497.2944'),
	(20, '2023-08-26 07:47:33', '2023-08-26 07:47:33', 40, 'Altenwerth, Cruickshank and Zieme', '847 Natalie Station Apt. 345\nNorth Tylerborough, MN 97816-8492', '1-706-366-2177'),
	(21, '2023-08-26 07:47:33', '2023-08-26 07:47:33', 41, 'Streich, Ferry and Metz', '2053 Jacques Stravenue Suite 059\nTraceyfurt, ID 20534', '+1.424.395.4280'),
	(22, '2023-08-26 07:47:33', '2023-08-26 07:47:33', 42, 'Raynor, Waelchi and Harvey', '7757 Barry Forks\nEast Alejandra, NC 37296-4060', '1-608-323-9006'),
	(23, '2023-08-26 07:47:33', '2023-08-26 07:47:33', 43, 'Collins-Marquardt', '9725 Gulgowski Springs\nWest Eugene, WI 64238', '(619) 401-0838'),
	(24, '2023-08-26 07:47:34', '2023-08-26 07:47:34', 44, 'Dickens LLC', '942 Buckridge Plains\nNew Nyah, TX 64153', '848.888.9768'),
	(25, '2023-08-26 07:47:34', '2023-08-26 07:47:34', 45, 'Swaniawski, Prosacco and Ward', '5410 Marcus Plain Apt. 216\nSouth Newellport, CA 87262-4857', '1-225-264-2006'),
	(26, '2023-08-26 07:47:34', '2023-08-26 07:47:34', 46, 'Torp-Moore', '849 Jakubowski Route Suite 916\nWest Sigridmouth, MN 01696', '+1 (463) 210-3335'),
	(27, '2023-08-26 07:47:34', '2023-08-26 07:47:34', 47, 'McGlynn PLC', '1661 Ruthe Stravenue Apt. 173\nJaylenborough, TN 18932', '+1.707.267.6291'),
	(28, '2023-08-26 07:47:34', '2023-08-26 07:47:34', 48, 'Glover, Fahey and Hagenes', '3603 Kuphal Shores\nToreyburgh, GA 46866', '+1.757.707.0894'),
	(29, '2023-08-26 07:47:34', '2023-08-26 07:47:34', 49, 'Torphy Inc', '66904 Weston Fork Suite 405\nOrvalburgh, MI 79626', '(534) 739-7253'),
	(30, '2023-08-26 07:47:34', '2023-08-26 07:47:34', 50, 'Eichmann, Shields and Rempel', '8568 Larkin Circles Suite 218\nDomenicamouth, WA 19394-2781', '1-475-286-9029'),
	(31, '2023-08-26 07:47:34', '2023-08-26 07:47:34', 51, 'Stracke, Yost and Grant', '8115 Carter Flats\nPort Ariannaberg, CT 19567', '1-903-471-4489'),
	(32, '2023-08-26 07:47:34', '2023-08-26 07:47:34', 52, 'Witting Ltd', '83085 Carter Curve Apt. 614\nEast Adrien, MS 74200', '386-248-0071'),
	(33, '2023-08-26 07:47:34', '2023-08-26 07:47:34', 53, 'Sipes, Roob and Keeling', '188 Krystal Isle Apt. 080\nBraunland, TN 68642', '+1.386.435.4601'),
	(34, '2023-08-26 07:47:34', '2023-08-26 07:47:34', 54, 'Hackett Inc', '271 Eve Land\nHamillstad, AR 28483', '1-740-645-6467'),
	(35, '2023-08-26 07:47:34', '2023-08-26 07:47:34', 55, 'Vandervort LLC', '3943 Julianne Mission\nSouth Maude, PA 59304-6447', '470-588-1536'),
	(36, '2023-08-26 07:47:34', '2023-08-26 07:47:34', 56, 'Miller-Hessel', '501 Savion Alley\nSouth Chasitymouth, AZ 57271', '+1-667-483-0105'),
	(37, '2023-08-26 07:47:34', '2023-08-26 07:47:34', 57, 'Marquardt, Labadie and Thiel', '91848 Krajcik Expressway Apt. 846\nLebsackfort, OR 81254', '+1 (838) 455-2516'),
	(38, '2023-08-26 07:47:34', '2023-08-26 07:47:34', 58, 'Rohan-Lebsack', '21169 Althea Dale\nPort Raeganberg, MO 11041', '(856) 504-9372'),
	(39, '2023-08-26 07:47:34', '2023-08-26 07:47:34', 59, 'Langworth-Kautzer', '95565 Aufderhar Ridges Apt. 417\nPort Allenmouth, LA 60923', '501.615.2867'),
	(40, '2023-08-26 07:47:34', '2023-08-26 07:47:34', 60, 'Von-Schneider', '6675 Hettinger Way Apt. 856\nSchultzstad, UT 29011', '+13467572441'),
	(41, '2023-08-26 07:47:34', '2023-08-26 07:47:34', 61, 'Brown, Wolf and Lakin', '17277 Buster Creek\nWest Corene, CO 44066', '1-870-963-3660'),
	(42, '2023-08-26 07:47:34', '2023-08-26 07:47:34', 62, 'Pouros and Sons', '791 Jefferey Radial\nMichealfurt, FL 34932', '903-856-6340'),
	(43, '2023-08-26 07:47:34', '2023-08-26 07:47:34', 63, 'Runolfsson-O\'Kon', '4310 Irwin Burgs\nElinorburgh, IL 17974-6157', '1-315-377-9557'),
	(44, '2023-08-26 07:47:34', '2023-08-26 07:47:34', 64, 'Koss, Eichmann and Heathcote', '137 Eileen Hills Suite 241\nNorth Dedrick, UT 48111-3592', '+1.361.230.4917'),
	(45, '2023-08-26 07:47:34', '2023-08-26 07:47:34', 65, 'Doyle, Roberts and Hoeger', '480 Omer Tunnel\nNew Reanna, OH 76140-2122', '(775) 853-2256'),
	(46, '2023-08-26 07:47:34', '2023-08-26 07:47:34', 66, 'Collins, Krajcik and Shields', '86536 Susanna Parks Apt. 535\nNorth Palmamouth, OR 31201', '+1-283-926-0615'),
	(47, '2023-08-26 07:47:34', '2023-08-26 07:47:34', 67, 'Rath-Hartmann', '97366 Roob Dale Apt. 219\nEast Clarabelle, AL 27681', '+1.628.596.4800'),
	(48, '2023-08-26 07:47:35', '2023-08-26 07:47:35', 68, 'Jakubowski-Leuschke', '467 Mann Gateway\nJarretburgh, TX 81644-0572', '478-932-0921'),
	(49, '2023-08-26 07:47:35', '2023-08-26 07:47:35', 69, 'Boyle Ltd', '51899 Bernier Junctions\nBraedenburgh, IA 77183', '925-930-2248'),
	(50, '2023-08-26 07:47:35', '2023-08-26 07:47:35', 70, 'Kihn Group', '85609 Dexter Passage\nRaefort, WV 31657', '1-341-757-3784'),
	(51, '2023-08-26 07:47:35', '2023-08-26 07:47:35', 71, 'Cremin-Haag', '80421 Darius Brook Apt. 860\nLeonebury, KY 98421-1116', '469.828.4464'),
	(52, '2023-08-26 07:47:35', '2023-08-26 07:47:35', 72, 'Koelpin-Corkery', '386 Lelah Roads\nGeorgiannashire, SD 25303', '430.220.8832'),
	(53, '2023-08-26 07:47:35', '2023-08-26 07:47:35', 73, 'Bradtke, Block and Russel', '555 Sheila Ridge\nWest Carlee, MO 68646-8899', '563.512.4038'),
	(54, '2023-08-26 07:47:35', '2023-08-26 07:47:35', 74, 'Pouros-Nikolaus', '45393 Leuschke Falls Apt. 490\nMarilynehaven, ME 70255-5315', '+1-734-860-1986'),
	(55, '2023-08-26 07:47:35', '2023-08-26 07:47:35', 75, 'Dach, Ankunding and Jenkins', '5929 Dietrich Curve\nSouth Carmineberg, AL 52927', '+15204816349'),
	(56, '2023-08-26 07:47:35', '2023-08-26 07:47:35', 76, 'Morissette-Lind', '4544 Shanahan Corners\nWest Lonnymouth, MS 18434', '+1-518-355-5820'),
	(57, '2023-08-26 07:47:35', '2023-08-26 07:47:35', 77, 'Shields, Davis and Emmerich', '483 Schinner Causeway\nPort Matildemouth, UT 41247', '+1-660-424-2328'),
	(58, '2023-08-26 07:47:35', '2023-08-26 07:47:35', 78, 'Anderson-Nader', '581 D\'Amore Light Apt. 903\nLittleborough, IL 80346', '1-563-299-5463'),
	(59, '2023-08-26 07:47:35', '2023-08-26 07:47:35', 79, 'Walker, Huels and Gutkowski', '81296 Imogene Wells\nNorth Ayanafort, TN 19650', '+1.914.571.5958'),
	(60, '2023-08-26 07:47:35', '2023-08-26 07:47:35', 80, 'Rohan PLC', '2063 Rhiannon Hill\nJacquesland, IA 49425-4311', '+1-262-526-8361'),
	(61, '2023-08-26 07:47:35', '2023-08-26 07:47:35', 81, 'Morar-Wolff', '8216 Grady Well\nManuelaberg, ME 65746', '(517) 236-1356'),
	(62, '2023-08-26 07:47:35', '2023-08-26 07:47:35', 82, 'Mante Ltd', '988 Schaden Ridge\nSouth Nayeli, KS 52795-6335', '+1 (541) 662-7846'),
	(63, '2023-08-26 07:47:35', '2023-08-26 07:47:35', 83, 'Kautzer, Towne and Conroy', '1050 Collins Valleys\nLake Elenor, MN 79175', '+13203491954'),
	(64, '2023-08-26 07:47:35', '2023-08-26 07:47:35', 84, 'Braun-Anderson', '74252 Pink Branch Suite 569\nPort Archibald, MO 11556-6501', '986.423.4329'),
	(65, '2023-08-26 07:47:35', '2023-08-26 07:47:35', 85, 'Rogahn, Grant and Ferry', '1300 Forest Lane Suite 812\nEast Hattie, PA 71714-6393', '+15402911980'),
	(66, '2023-08-26 07:47:35', '2023-08-26 07:47:35', 86, 'Marquardt-Barrows', '942 Fleta Stream Suite 745\nWizaland, MI 22211', '(539) 515-0028'),
	(67, '2023-08-26 07:47:35', '2023-08-26 07:47:35', 87, 'Rowe, Purdy and Gibson', '51804 Beier Field Apt. 223\nThielfurt, FL 83460-0507', '+1 (947) 538-5308'),
	(68, '2023-08-26 07:47:35', '2023-08-26 07:47:35', 88, 'Corwin LLC', '9346 Mellie Rapid Apt. 845\nKoelpintown, SC 75936-5887', '1-952-484-6815'),
	(69, '2023-08-26 07:47:35', '2023-08-26 07:47:35', 89, 'Treutel, Moen and Bechtelar', '285 Rohan Island Suite 194\nEast Janieton, CT 38825-5532', '325.435.9227'),
	(70, '2023-08-26 07:47:35', '2023-08-26 07:47:35', 90, 'Graham and Sons', '56871 Harris Fork\nColtenside, PA 35417-4938', '+1 (352) 666-4188'),
	(71, '2023-08-26 07:47:35', '2023-08-26 07:47:35', 91, 'Gusikowski, Rice and Legros', '232 Lori Valleys\nHobartberg, MD 24006-5998', '1-214-616-0666'),
	(72, '2023-08-26 07:47:35', '2023-08-26 07:47:35', 92, 'Purdy Group', '81474 Nellie Curve\nEast Ernietown, MS 02546-9410', '317.622.1499'),
	(73, '2023-08-26 07:47:35', '2023-08-26 07:47:35', 93, 'Becker-Ratke', '688 Swaniawski Pine\nNew Lesly, OR 66702', '816.394.1411'),
	(74, '2023-08-26 07:47:36', '2023-08-26 07:47:36', 94, 'Ryan-Kovacek', '7297 Moen Keys Apt. 056\nPort Weldon, MS 48783', '+1-360-836-8278'),
	(75, '2023-08-26 07:47:36', '2023-08-26 07:47:36', 95, 'Stark Group', '233 Lang Vista Apt. 264\nPort Loraine, MT 35760', '+1-936-915-7749'),
	(76, '2023-08-26 07:47:36', '2023-08-26 07:47:36', 96, 'Bode, Ebert and Medhurst', '689 Conn Station Apt. 890\nTyreekborough, MS 63126', '786-574-8570'),
	(77, '2023-08-26 07:47:36', '2023-08-26 07:47:36', 97, 'Altenwerth-Rice', '314 Franz Field\nQueenieside, UT 83106-2729', '458-285-3660'),
	(78, '2023-08-26 07:47:36', '2023-08-26 07:47:36', 98, 'Reichert, Kris and Johnston', '70715 Kris Turnpike Apt. 036\nTobybury, NE 01164', '405.994.4484'),
	(79, '2023-08-26 07:47:36', '2023-08-26 07:47:36', 99, 'Langworth-Rau', '981 Cristian Falls Apt. 335\nBoganside, MA 23000-6342', '319.914.9290'),
	(80, '2023-08-26 07:47:36', '2023-08-26 07:47:36', 100, 'White-Donnelly', '428 Geo Well\nWillside, PA 88279-7385', '631.502.9237'),
	(81, '2023-08-26 07:47:36', '2023-08-26 07:47:36', 101, 'Hermann Inc', '87721 Chasity Run\nDaphneefurt, MN 77812-1588', '(760) 724-7719'),
	(82, '2023-08-26 07:47:36', '2023-08-26 07:47:36', 102, 'Goodwin, West and Watsica', '433 Stracke Union Apt. 938\nPourosmouth, KY 57262-3915', '(279) 967-2709'),
	(83, '2023-08-26 07:47:36', '2023-08-26 07:47:36', 103, 'Jerde, Jacobs and Kertzmann', '17352 Josh Terrace Suite 035\nEast Barrett, NE 74327', '+18725179717'),
	(84, '2023-08-26 07:47:36', '2023-08-26 07:47:36', 104, 'Goodwin Group', '2017 Bradtke Creek\nHickleville, CT 19603-9376', '(283) 724-8883'),
	(85, '2023-08-26 07:47:36', '2023-08-26 07:47:36', 105, 'Bauch-Hermiston', '376 Schiller Mission\nMatteofort, FL 33838', '+1.626.796.0894');

-- Volcando estructura para tabla lavanderia.failed_jobs
CREATE TABLE IF NOT EXISTS `failed_jobs` (
  `id` bigint(20) unsigned NOT NULL AUTO_INCREMENT,
  `uuid` varchar(255) NOT NULL,
  `connection` text NOT NULL,
  `queue` text NOT NULL,
  `payload` longtext NOT NULL,
  `exception` longtext NOT NULL,
  `failed_at` timestamp NOT NULL DEFAULT current_timestamp(),
  PRIMARY KEY (`id`),
  UNIQUE KEY `failed_jobs_uuid_unique` (`uuid`)
) ENGINE=InnoDB DEFAULT CHARSET=utf8mb4 COLLATE=utf8mb4_unicode_ci;

-- Volcando datos para la tabla lavanderia.failed_jobs: ~0 rows (aproximadamente)

-- Volcando estructura para tabla lavanderia.garments
CREATE TABLE IF NOT EXISTS `garments` (
  `id` bigint(20) unsigned NOT NULL AUTO_INCREMENT,
  `created_at` timestamp NULL DEFAULT NULL,
  `updated_at` timestamp NULL DEFAULT NULL,
  `wash_order_id` bigint(20) unsigned NOT NULL,
  `garment_type` varchar(255) NOT NULL,
  `quantity` int(11) NOT NULL,
  `kilos` double(8,2) NOT NULL,
  `details` varchar(255) NOT NULL,
  PRIMARY KEY (`id`),
  KEY `garments_wash_order_id_foreign` (`wash_order_id`),
  CONSTRAINT `garments_wash_order_id_foreign` FOREIGN KEY (`wash_order_id`) REFERENCES `wash_orders` (`id`)
) ENGINE=InnoDB AUTO_INCREMENT=71 DEFAULT CHARSET=utf8mb4 COLLATE=utf8mb4_unicode_ci;

-- Volcando datos para la tabla lavanderia.garments: ~70 rows (aproximadamente)
INSERT INTO `garments` (`id`, `created_at`, `updated_at`, `wash_order_id`, `garment_type`, `quantity`, `kilos`, `details`) VALUES
	(1, '2023-08-26 07:47:34', '2023-08-26 07:47:34', 11, 'odit', 8, 0.38, 'Dignissimos facilis ipsa animi.'),
	(2, '2023-08-26 07:47:34', '2023-08-26 07:47:34', 12, 'et', 9, 1.09, 'Repellat sed expedita iste.'),
	(3, '2023-08-26 07:47:34', '2023-08-26 07:47:34', 13, 'sit', 10, 2.77, 'Sed quo modi rem sit mollitia harum odit consequuntur.'),
	(4, '2023-08-26 07:47:34', '2023-08-26 07:47:34', 14, 'nobis', 2, 4.32, 'Perferendis qui amet rerum enim minima provident aut.'),
	(5, '2023-08-26 07:47:34', '2023-08-26 07:47:34', 15, 'unde', 1, 4.82, 'Corrupti reprehenderit perspiciatis repudiandae temporibus perferendis.'),
	(6, '2023-08-26 07:47:34', '2023-08-26 07:47:34', 16, 'magnam', 9, 2.19, 'Sed iure id voluptatem inventore.'),
	(7, '2023-08-26 07:47:34', '2023-08-26 07:47:34', 17, 'doloremque', 8, 1.95, 'Ea corporis dolor sunt pariatur magnam accusamus.'),
	(8, '2023-08-26 07:47:34', '2023-08-26 07:47:34', 18, 'soluta', 1, 0.11, 'Itaque alias ratione porro in vel molestiae minima.'),
	(9, '2023-08-26 07:47:34', '2023-08-26 07:47:34', 19, 'eveniet', 2, 2.07, 'Et fugit in ut ratione dolorem enim non ab.'),
	(10, '2023-08-26 07:47:34', '2023-08-26 07:47:34', 20, 'nam', 6, 2.48, 'Explicabo ut perferendis ut consequuntur rerum quia.'),
	(11, '2023-08-26 07:47:34', '2023-08-26 07:47:34', 21, 'totam', 5, 0.26, 'Odio et qui esse.'),
	(12, '2023-08-26 07:47:34', '2023-08-26 07:47:34', 22, 'ipsa', 5, 2.09, 'Voluptates et vero cum fugiat sunt dolores.'),
	(13, '2023-08-26 07:47:34', '2023-08-26 07:47:34', 23, 'et', 10, 3.01, 'Eius sit libero amet.'),
	(14, '2023-08-26 07:47:34', '2023-08-26 07:47:34', 24, 'quisquam', 2, 3.77, 'Molestiae veniam quo nihil pariatur.'),
	(15, '2023-08-26 07:47:34', '2023-08-26 07:47:34', 25, 'voluptatem', 10, 1.72, 'Omnis nobis qui libero deserunt eum et.'),
	(16, '2023-08-26 07:47:34', '2023-08-26 07:47:34', 26, 'maiores', 8, 1.29, 'Et quasi voluptatem tempore qui.'),
	(17, '2023-08-26 07:47:34', '2023-08-26 07:47:34', 27, 'recusandae', 8, 4.34, 'Quia nihil animi qui et dolor ipsa et.'),
	(18, '2023-08-26 07:47:34', '2023-08-26 07:47:34', 28, 'et', 5, 0.96, 'Deserunt temporibus est fugit eos minus.'),
	(19, '2023-08-26 07:47:34', '2023-08-26 07:47:34', 29, 'in', 9, 1.37, 'Sit quos omnis maiores voluptatum eum exercitationem.'),
	(20, '2023-08-26 07:47:34', '2023-08-26 07:47:34', 30, 'et', 5, 0.68, 'Animi inventore ipsum vero occaecati excepturi ut rerum molestiae.'),
	(21, '2023-08-26 07:47:34', '2023-08-26 07:47:34', 31, 'sit', 7, 0.15, 'Quas illo aliquam atque corrupti ut.'),
	(22, '2023-08-26 07:47:34', '2023-08-26 07:47:34', 32, 'et', 9, 4.95, 'Ut minus placeat ut non sit itaque beatae pariatur.'),
	(23, '2023-08-26 07:47:34', '2023-08-26 07:47:34', 33, 'eum', 4, 1.60, 'Dolore enim vero qui eos ipsum modi sunt.'),
	(24, '2023-08-26 07:47:34', '2023-08-26 07:47:34', 34, 'eaque', 9, 0.98, 'Est voluptatem in distinctio consequuntur.'),
	(25, '2023-08-26 07:47:34', '2023-08-26 07:47:34', 35, 'consequatur', 1, 2.70, 'Porro veritatis necessitatibus totam voluptatem.'),
	(26, '2023-08-26 07:47:34', '2023-08-26 07:47:34', 36, 'omnis', 6, 2.97, 'Illo sed asperiores nulla minima id.'),
	(27, '2023-08-26 07:47:34', '2023-08-26 07:47:34', 37, 'minima', 7, 4.19, 'Rerum aut ullam optio deserunt sequi quia.'),
	(28, '2023-08-26 07:47:34', '2023-08-26 07:47:34', 38, 'est', 6, 3.99, 'Molestiae voluptas debitis doloribus nihil.'),
	(29, '2023-08-26 07:47:34', '2023-08-26 07:47:34', 39, 'minus', 2, 2.38, 'Sit aliquid qui autem quia a.'),
	(30, '2023-08-26 07:47:34', '2023-08-26 07:47:34', 40, 'explicabo', 10, 2.76, 'Velit corrupti sunt voluptatibus reiciendis ad distinctio.'),
	(31, '2023-08-26 07:47:34', '2023-08-26 07:47:34', 41, 'minus', 10, 3.40, 'Doloribus qui atque soluta id.'),
	(32, '2023-08-26 07:47:34', '2023-08-26 07:47:34', 42, 'aperiam', 8, 3.21, 'Ab esse aperiam rem doloribus deleniti.'),
	(33, '2023-08-26 07:47:35', '2023-08-26 07:47:35', 43, 'at', 5, 0.66, 'Velit qui qui deleniti blanditiis nihil.'),
	(34, '2023-08-26 07:47:35', '2023-08-26 07:47:35', 44, 'facere', 10, 1.20, 'Id amet voluptatem voluptatibus sit et accusamus.'),
	(35, '2023-08-26 07:47:35', '2023-08-26 07:47:35', 45, 'ut', 1, 4.70, 'Nostrum itaque at ea porro excepturi ut debitis.'),
	(36, '2023-08-26 07:47:35', '2023-08-26 07:47:35', 46, 'rerum', 7, 3.26, 'Voluptatem magni dolor natus quia.'),
	(37, '2023-08-26 07:47:35', '2023-08-26 07:47:35', 47, 'debitis', 9, 4.72, 'Aperiam qui accusantium voluptas et.'),
	(38, '2023-08-26 07:47:35', '2023-08-26 07:47:35', 48, 'reprehenderit', 3, 3.04, 'Sapiente illum modi ea ullam at temporibus.'),
	(39, '2023-08-26 07:47:35', '2023-08-26 07:47:35', 49, 'consequatur', 6, 4.18, 'Ea nihil culpa et repudiandae laboriosam ea et voluptas.'),
	(40, '2023-08-26 07:47:35', '2023-08-26 07:47:35', 50, 'ab', 2, 4.17, 'Placeat eveniet sit consequuntur deleniti.'),
	(41, '2023-08-26 07:47:35', '2023-08-26 07:47:35', 51, 'dolor', 10, 2.23, 'Quibusdam saepe voluptatibus maxime culpa repudiandae.'),
	(42, '2023-08-26 07:47:35', '2023-08-26 07:47:35', 52, 'qui', 8, 3.48, 'Sed magnam vero illo quibusdam id cumque.'),
	(43, '2023-08-26 07:47:35', '2023-08-26 07:47:35', 53, 'expedita', 4, 4.02, 'Illum harum fuga voluptas facere.'),
	(44, '2023-08-26 07:47:35', '2023-08-26 07:47:35', 54, 'quis', 8, 3.94, 'Aut ut distinctio libero velit voluptatem inventore sed.'),
	(45, '2023-08-26 07:47:35', '2023-08-26 07:47:35', 55, 'a', 8, 0.53, 'Itaque optio iure et.'),
	(46, '2023-08-26 07:47:35', '2023-08-26 07:47:35', 56, 'voluptates', 10, 0.79, 'Vero ut facere dolores.'),
	(47, '2023-08-26 07:47:35', '2023-08-26 07:47:35', 57, 'saepe', 7, 4.62, 'Minus aut quo architecto est maxime fugit a.'),
	(48, '2023-08-26 07:47:35', '2023-08-26 07:47:35', 58, 'vel', 1, 2.05, 'Voluptate voluptas consectetur ullam non impedit qui est.'),
	(49, '2023-08-26 07:47:35', '2023-08-26 07:47:35', 59, 'error', 1, 4.54, 'Quo sit rerum rerum deleniti quo esse voluptas qui.'),
	(50, '2023-08-26 07:47:35', '2023-08-26 07:47:35', 60, 'sequi', 3, 4.74, 'Quia molestiae sunt aut.'),
	(51, '2023-08-26 07:47:35', '2023-08-26 07:47:35', 61, 'soluta', 2, 3.40, 'Occaecati non sunt delectus explicabo sit cumque similique ut.'),
	(52, '2023-08-26 07:47:35', '2023-08-26 07:47:35', 62, 'architecto', 7, 3.64, 'Placeat maxime rerum quasi cum ratione aut.'),
	(53, '2023-08-26 07:47:35', '2023-08-26 07:47:35', 63, 'similique', 8, 1.57, 'Enim velit voluptatibus magnam.'),
	(54, '2023-08-26 07:47:35', '2023-08-26 07:47:35', 64, 'ex', 6, 1.70, 'Quam commodi ut similique sed impedit magnam veritatis et.'),
	(55, '2023-08-26 07:47:35', '2023-08-26 07:47:35', 65, 'delectus', 2, 0.84, 'Nihil repellendus animi dolor iusto sit nam quaerat.'),
	(56, '2023-08-26 07:47:35', '2023-08-26 07:47:35', 66, 'unde', 8, 3.43, 'Odit voluptate impedit nobis corrupti.'),
	(57, '2023-08-26 07:47:35', '2023-08-26 07:47:35', 67, 'sed', 2, 4.90, 'Minus repellendus sunt qui totam voluptate aliquid iusto.'),
	(58, '2023-08-26 07:47:35', '2023-08-26 07:47:35', 68, 'labore', 4, 2.61, 'Consequuntur voluptatum quia iusto esse sunt temporibus.'),
	(59, '2023-08-26 07:47:36', '2023-08-26 07:47:36', 69, 'praesentium', 6, 2.58, 'Aut beatae quaerat vero non.'),
	(60, '2023-08-26 07:47:36', '2023-08-26 07:47:36', 70, 'necessitatibus', 2, 3.00, 'Aliquid deleniti corrupti illo ut quos.'),
	(61, '2023-08-26 07:47:36', '2023-08-26 07:47:36', 71, 'cum', 4, 1.69, 'Rerum et ut delectus ea.'),
	(62, '2023-08-26 07:47:36', '2023-08-26 07:47:36', 72, 'voluptates', 9, 4.14, 'Exercitationem est qui officiis iure soluta officia.'),
	(63, '2023-08-26 07:47:36', '2023-08-26 07:47:36', 73, 'magni', 6, 1.14, 'Ea omnis ipsa provident culpa quasi assumenda eos ad.'),
	(64, '2023-08-26 07:47:36', '2023-08-26 07:47:36', 74, 'sit', 2, 2.97, 'Est delectus voluptatem in odit sint sunt.'),
	(65, '2023-08-26 07:47:36', '2023-08-26 07:47:36', 75, 'magni', 3, 3.71, 'Neque ea voluptatem eveniet illum minus reprehenderit voluptatem.'),
	(66, '2023-08-26 07:47:36', '2023-08-26 07:47:36', 76, 'voluptatem', 8, 4.79, 'Est modi minima est dicta.'),
	(67, '2023-08-26 07:47:36', '2023-08-26 07:47:36', 77, 'voluptatem', 6, 4.96, 'Quis dolorum minus cum.'),
	(68, '2023-08-26 07:47:36', '2023-08-26 07:47:36', 78, 'voluptatem', 5, 1.95, 'Explicabo occaecati corrupti quia architecto reiciendis.'),
	(69, '2023-08-26 07:47:36', '2023-08-26 07:47:36', 79, 'fugit', 10, 4.16, 'Magni sit nam ipsam.'),
	(70, '2023-08-26 07:47:36', '2023-08-26 07:47:36', 80, 'ut', 2, 2.60, 'Omnis ducimus ut facere assumenda.');

-- Volcando estructura para tabla lavanderia.migrations
CREATE TABLE IF NOT EXISTS `migrations` (
  `id` int(10) unsigned NOT NULL AUTO_INCREMENT,
  `migration` varchar(255) NOT NULL,
  `batch` int(11) NOT NULL,
  PRIMARY KEY (`id`)
) ENGINE=InnoDB AUTO_INCREMENT=10 DEFAULT CHARSET=utf8mb4 COLLATE=utf8mb4_unicode_ci;

-- Volcando datos para la tabla lavanderia.migrations: ~9 rows (aproximadamente)
INSERT INTO `migrations` (`id`, `migration`, `batch`) VALUES
	(1, '2014_10_12_000000_create_users_table', 1),
	(2, '2014_10_12_100000_create_password_reset_tokens_table', 1),
	(3, '2019_08_19_000000_create_failed_jobs_table', 1),
	(4, '2019_12_14_000001_create_personal_access_tokens_table', 1),
	(5, '2023_08_26_024236_create_clients_table', 1),
	(6, '2023_08_26_024708_create_wash_orders_table', 1),
	(7, '2023_08_26_025133_create_garments_table', 1),
	(8, '2023_08_26_030003_create_observations_table', 1),
	(9, '2023_08_26_032714_create_companies_table', 1);

-- Volcando estructura para tabla lavanderia.observations
CREATE TABLE IF NOT EXISTS `observations` (
  `id` bigint(20) unsigned NOT NULL AUTO_INCREMENT,
  `created_at` timestamp NULL DEFAULT NULL,
  `updated_at` timestamp NULL DEFAULT NULL,
  `garment_id` bigint(20) unsigned NOT NULL,
  `cierres` varchar(255) DEFAULT NULL,
  `costuras` varchar(255) DEFAULT NULL,
  `cotonas` varchar(255) DEFAULT NULL,
  `gorros` varchar(255) DEFAULT NULL,
  PRIMARY KEY (`id`),
  KEY `observations_garment_id_foreign` (`garment_id`),
  CONSTRAINT `observations_garment_id_foreign` FOREIGN KEY (`garment_id`) REFERENCES `garments` (`id`) ON DELETE CASCADE
) ENGINE=InnoDB AUTO_INCREMENT=51 DEFAULT CHARSET=utf8mb4 COLLATE=utf8mb4_unicode_ci;

-- Volcando datos para la tabla lavanderia.observations: ~50 rows (aproximadamente)
INSERT INTO `observations` (`id`, `created_at`, `updated_at`, `garment_id`, `cierres`, `costuras`, `cotonas`, `gorros`) VALUES
	(1, '2023-08-26 07:47:36', '2023-08-26 07:47:36', 21, 'Non et consequatur et cum sunt ipsam. Repudiandae rerum non non neque et et nam. Corporis animi adipisci dicta dignissimos sint qui dolore. Adipisci dolorem nemo officiis cum porro.', 'Quo assumenda vitae doloremque blanditiis adipisci. Culpa totam qui deleniti consequatur in ipsam.', 'At enim commodi sed ut vel nihil hic. Tenetur tenetur enim et voluptatem. Itaque dolore adipisci ipsum minima saepe quia repellendus facilis. Quia eum voluptas et iusto a voluptas.', 'Accusamus non fuga voluptatem corrupti. Debitis error voluptatum alias commodi cum sint. Ut vel magni vel nisi eveniet.'),
	(2, '2023-08-26 07:47:36', '2023-08-26 07:47:36', 22, 'Consequatur ut quidem impedit eum. Illum et sit sunt maiores. Fugit rerum illo fugit praesentium dicta. Et qui quas sit. Ut quo quae perferendis repellat.', 'Facere et vel aperiam velit mollitia animi aut et. Et fugit voluptatem animi ad debitis quia distinctio. Soluta rerum sit velit porro consequuntur quia.', 'Quis dolor est aperiam omnis et eveniet minima. Dolore saepe in error ab maxime eos nihil aliquam. Debitis quia deleniti suscipit molestiae.', 'Cupiditate est corporis reprehenderit et sequi nesciunt. Quis minima architecto architecto voluptates velit deserunt voluptate. Id doloribus est perspiciatis quos.'),
	(3, '2023-08-26 07:47:36', '2023-08-26 07:47:36', 23, 'Quo dolores sint debitis aliquam et. Animi maxime quas autem et. Neque dolores quae placeat sed. Quae omnis quas molestiae nobis qui.', 'Aspernatur corporis quidem ipsam at est quis facere. Autem minima sequi et expedita voluptatum magnam.', 'Natus labore aliquam commodi. Non enim dolor hic. Aut unde dolor porro qui.', 'Provident consequuntur excepturi sit ex adipisci. Recusandae aliquam in enim sit.'),
	(4, '2023-08-26 07:47:36', '2023-08-26 07:47:36', 24, 'Ex id harum quisquam odio. Laborum natus alias dicta quia ex exercitationem. Nobis consequatur eos debitis asperiores.', 'Vel magni necessitatibus eos et voluptas distinctio sit. Ipsum assumenda inventore ad. Et voluptates accusantium ipsa et alias officiis.', 'A iure ut voluptatibus. Soluta aspernatur facere reiciendis quo sunt. Voluptatem tempora dolorem asperiores nisi neque.', 'Ex voluptas omnis est labore consectetur. Dolore aperiam dolore nam nemo sapiente aperiam recusandae velit. Pariatur veniam rerum culpa in facere explicabo accusantium.'),
	(5, '2023-08-26 07:47:36', '2023-08-26 07:47:36', 25, 'Vel nam voluptas aut vel occaecati itaque. Vitae et ut et aut quos eos voluptas autem. Fugit dolorem distinctio velit non nulla laudantium placeat fuga. Earum quia libero accusantium quidem sunt.', 'Et in nihil accusantium odit non nisi recusandae. Necessitatibus ut dolores quo nihil et praesentium ad. Labore vitae vitae quo qui.', 'Modi animi quasi nobis sint vel est ipsam non. Voluptas facilis soluta ea numquam recusandae. Tempore explicabo vero iusto totam.', 'Quia vel maiores repellat saepe totam ullam. Provident magni nihil nam velit consequatur vitae itaque. Ad tenetur doloremque laboriosam. Laboriosam molestiae quod assumenda autem.'),
	(6, '2023-08-26 07:47:36', '2023-08-26 07:47:36', 26, 'Molestias iste soluta qui et. Optio accusantium dolores at cumque voluptas consequatur porro. Provident ut similique eaque omnis. Ea et ratione aut nihil officiis ipsum ut.', 'Autem sequi dolores soluta. Minima quia aperiam qui doloremque sit. Inventore dolor autem dignissimos velit.', 'Mollitia corporis eum eum sed consectetur doloribus culpa. Et sunt eos vel magnam qui. Vero qui ipsam ut asperiores a voluptatem ad. Dolore dolorum sunt alias.', 'Laborum impedit aliquam officia dolorem. Libero voluptatem vitae fuga excepturi voluptate. Nam autem corrupti hic. Autem atque debitis fugiat vel quidem facilis.'),
	(7, '2023-08-26 07:47:36', '2023-08-26 07:47:36', 27, 'Assumenda provident velit praesentium non corrupti et vel. Et natus ab veritatis consequatur eum. Minima est voluptate recusandae corrupti ut mollitia sint. Blanditiis blanditiis eius et.', 'Nobis aliquam vero quia voluptatum quos eos accusantium. Maxime impedit ipsam eum fuga exercitationem ea perspiciatis. Exercitationem id vel et veniam ab minima explicabo.', 'Aperiam ut dolor eum molestias. Aut molestiae illo illum ad. Labore sint accusantium minima repellat reiciendis blanditiis.', 'Veritatis et praesentium eaque est sint. Modi voluptates sit delectus esse ut hic blanditiis. Aut quas veniam voluptates et. Ullam quos fuga quasi rerum ipsam omnis.'),
	(8, '2023-08-26 07:47:36', '2023-08-26 07:47:36', 28, 'Officiis suscipit debitis temporibus autem. Voluptatem assumenda porro modi ut voluptate eos sed maxime. Deleniti ad dolores sit. Consequatur debitis error in deserunt ullam nulla eum.', 'Eos et voluptas iste laboriosam odio culpa nisi. Omnis consequuntur ea tempora nihil. Non occaecati voluptatem distinctio soluta expedita dignissimos quo. Ea quibusdam rerum id consectetur.', 'Et numquam occaecati voluptas. Tenetur possimus repudiandae doloribus fugiat quidem aut. Commodi est suscipit ullam. Corrupti voluptas sapiente voluptatem qui ut.', 'Consectetur quod cum quod vel in. Voluptate accusamus dolore inventore voluptatem non. Culpa illum rerum praesentium perspiciatis quas nobis. Illum sed quibusdam nostrum ad.'),
	(9, '2023-08-26 07:47:36', '2023-08-26 07:47:36', 29, 'Placeat maiores vitae incidunt aliquam. Ducimus dolores vel quo nulla ducimus molestiae. Ullam velit numquam voluptatum illo aut.', 'Ipsa dolor magni iste aliquam temporibus mollitia enim. Veniam vero necessitatibus et quisquam molestiae tenetur. Debitis quasi rerum velit quaerat voluptatibus qui esse.', 'Corporis ipsum consequatur vitae tenetur. Sit assumenda in commodi. Nulla velit ullam non qui et excepturi sed. Et et voluptatem eveniet. Iure fugit enim quidem.', 'Animi iusto at qui impedit quia maiores. Asperiores animi iste vero enim. Quis aut voluptatem commodi nam corporis optio dolor. Sit necessitatibus et sed optio amet ad.'),
	(10, '2023-08-26 07:47:36', '2023-08-26 07:47:36', 30, 'Id et enim voluptatibus tempore perspiciatis. Perspiciatis quia dolores consequuntur tempore cum quia nesciunt delectus. Similique quae enim repellendus exercitationem culpa est.', 'Debitis et facere dolor doloremque sed. Eius est maxime sed nesciunt quam accusantium. Soluta quis qui suscipit quia qui. Sint porro cumque blanditiis illum.', 'Ullam ut ducimus nobis dolores officia quam accusamus. Officiis cupiditate omnis minima impedit inventore omnis libero.', 'Molestiae nisi alias perspiciatis esse. Et minima ullam impedit sint alias consequatur. Est vitae esse aut voluptatem inventore impedit. Praesentium maiores incidunt quis libero.'),
	(11, '2023-08-26 07:47:36', '2023-08-26 07:47:36', 31, 'Reprehenderit id vel velit iure et vero. Molestiae minus suscipit adipisci ad voluptate repellat sint. Et nihil nostrum quam asperiores quae.', 'Non ipsa velit nesciunt saepe. Debitis perspiciatis iste temporibus quaerat. Tempora praesentium expedita facilis earum eum.', 'Aut quo sunt et ad. Doloribus aut et beatae consequuntur. Voluptas ex eos ea voluptatem. Labore ea sit aut incidunt vitae. Velit rerum eos nam pariatur natus. Consequatur et est ipsa id.', 'Esse doloribus vitae mollitia voluptatum ex placeat. Est corrupti unde corrupti vel consequuntur consequatur voluptatem. Quia numquam optio omnis dolorem quia consequatur.'),
	(12, '2023-08-26 07:47:36', '2023-08-26 07:47:36', 32, 'Sit qui voluptatem cum quia quisquam. Et porro deserunt hic molestiae eos. Amet dignissimos omnis ut dolorem enim. Ut dolorem corrupti at magni soluta dolore. Natus qui unde molestiae est.', 'Ad ex dignissimos veniam architecto. Iure eligendi aut qui soluta non est qui. Consequatur assumenda reiciendis labore quia. Expedita sequi laudantium sequi labore corporis quis.', 'Amet rem deleniti aut laboriosam iusto error. Omnis at sed harum vero nam autem quis. Quasi voluptas et quo sint sed.', 'Iusto dolor autem distinctio minima in qui pariatur. Est ex perferendis tempora similique dolorum neque. Qui fugiat dignissimos eos quo.'),
	(13, '2023-08-26 07:47:36', '2023-08-26 07:47:36', 33, 'Aperiam in ut ab neque vero. Fuga quae et pariatur ut. Ut quia omnis et ut quis velit neque. Praesentium illo blanditiis provident quia voluptatem.', 'Sit officia ratione in placeat velit. Qui sit dignissimos nihil architecto. Est velit amet ut.', 'Autem unde sed ut ea. Eaque qui culpa veniam molestias. Sunt libero voluptas ut animi ratione iure neque.', 'Vel sint esse facere magni ipsa veritatis eius veniam. Odit at aut nobis quaerat nam hic aut. Quidem aut et eligendi rerum commodi. Sunt ut nostrum consequatur.'),
	(14, '2023-08-26 07:47:36', '2023-08-26 07:47:36', 34, 'Dolor quia consequatur est quasi labore. Atque ipsam reprehenderit possimus perferendis accusantium.', 'Blanditiis voluptatem ex aut repellat at vero. Tempore voluptate voluptates eaque consequatur iusto ea provident. Atque quia perferendis impedit.', 'Aut ut facilis ducimus autem. Provident quia eos veritatis at. Delectus aliquam temporibus nemo id. Modi hic occaecati repellendus debitis esse magnam eos.', 'Dolores sint rerum doloremque a dignissimos adipisci. Doloremque ea id est vel. Et accusamus non nisi harum.'),
	(15, '2023-08-26 07:47:36', '2023-08-26 07:47:36', 35, 'Sit aut repudiandae sint eos rerum sint. Et ad dolorem laboriosam laudantium. Est id temporibus adipisci fugit nemo.', 'Rem asperiores et reiciendis illo sapiente laborum. Quam minima perferendis porro est. Amet in quia ullam explicabo sed voluptas iusto omnis. A et dolores quod cumque quis a ut.', 'Qui rem aut earum veritatis dignissimos repudiandae et. Necessitatibus nostrum accusantium modi ea qui aut quia modi. Iusto sint quod porro vel eos aut.', 'Et vero at cumque ex qui optio quia asperiores. Sint soluta omnis odio eum qui. Minima veritatis alias aspernatur cupiditate est ea. Quod enim eaque vel rerum voluptates autem.'),
	(16, '2023-08-26 07:47:36', '2023-08-26 07:47:36', 36, 'Dolores distinctio ab optio qui. Soluta corrupti magni sunt optio incidunt. Consequatur minima doloremque ut at amet temporibus. Natus perferendis omnis et quia impedit aut.', 'Voluptas nesciunt et labore maiores sint unde sint. Aut mollitia hic eum eum recusandae commodi ut. Possimus rem delectus cupiditate quia. Doloremque quisquam nemo suscipit rem et.', 'Et consequuntur ut nam minima omnis ipsum sapiente expedita. Eligendi iure iste repellat. Ut qui maxime unde accusantium culpa itaque suscipit.', 'Veritatis quam pariatur aperiam id deserunt quasi. Harum omnis tempora est et. Ab suscipit accusamus dicta voluptatem et sint dicta. Est nihil molestiae nulla quidem sapiente fuga enim.'),
	(17, '2023-08-26 07:47:36', '2023-08-26 07:47:36', 37, 'Voluptatem sapiente explicabo iure sed velit cumque odio. Molestiae et velit ad nulla sit consectetur facere ipsam. Natus ad laboriosam in harum.', 'Consequuntur et non consectetur sint. Voluptatibus ex similique et ex voluptatem aliquam. Unde nobis nisi illo consequatur sit.', 'Et repellat harum iure culpa quia aspernatur animi neque. Aperiam qui provident dolores enim sequi. Dolorem incidunt distinctio et minima repellat. Nisi eius nulla nam.', 'Sunt numquam tempora qui qui est est. Soluta est ullam doloremque illo. Omnis qui corrupti amet.'),
	(18, '2023-08-26 07:47:36', '2023-08-26 07:47:36', 38, 'Molestias nulla deserunt accusantium amet explicabo. Ad qui explicabo et officiis animi. Maxime omnis aliquid magni ea quisquam dolorem. Sed animi et nobis similique tempora placeat.', 'Consequatur saepe nisi saepe quae amet fuga. Qui qui mollitia aliquid similique corrupti. Placeat deleniti dolores possimus quod. Sunt numquam maxime nam quae.', 'Sit eaque et unde magnam. Et nesciunt illum labore odit eveniet unde iusto. Neque tempora vel harum. Pariatur et perferendis sit et omnis aspernatur. Porro similique quidem adipisci sint fugiat.', 'Aut rerum voluptatem reprehenderit ducimus. Id ut nisi sed non. Voluptate est et maxime officiis porro cumque voluptas.'),
	(19, '2023-08-26 07:47:36', '2023-08-26 07:47:36', 39, 'Saepe id sed voluptatem eaque. Molestias qui neque fugiat. Ex ad labore excepturi eveniet facilis.', 'Tempora perspiciatis ratione iure rerum sit ut. Quidem dolore maiores dolor ullam.', 'Sint facilis rem et ipsam fugit ratione. Facilis eos est eligendi a aut a suscipit est. Earum sit maxime labore quisquam nisi ad. Et sed assumenda delectus dolorem.', 'Eum repellat et odio. Inventore dolores qui sapiente alias omnis.'),
	(20, '2023-08-26 07:47:36', '2023-08-26 07:47:36', 40, 'Quis dolorum praesentium eius corporis consequuntur excepturi. Sit nisi fugit illum a saepe voluptatem sunt. Saepe tempora iusto aut incidunt ea sint beatae.', 'Harum qui provident reiciendis optio nobis. Provident vel maiores consequatur consequatur harum ut. Voluptatem natus laudantium quam quo in excepturi soluta. Est aut qui eum fugit sunt.', 'Minus aut suscipit delectus eos ad. Natus nulla maxime non ut ipsa sed impedit quis. Accusamus distinctio rerum excepturi fuga doloribus. Sit ipsa alias repudiandae mollitia a.', 'Distinctio dolor et labore cupiditate eos id. Officiis est ut quaerat sit vitae ut. Veniam molestiae sed qui modi voluptatem.'),
	(21, '2023-08-26 07:47:36', '2023-08-26 07:47:36', 41, 'Consectetur qui adipisci nobis sit. Aut enim nam beatae. Necessitatibus at cupiditate ut at. Officiis iure non voluptas occaecati est ullam laboriosam quos.', 'Deserunt iste vel qui accusamus ut provident. Rerum exercitationem temporibus est a rem mollitia. Ut laborum corrupti et et alias.', 'Aspernatur blanditiis sed illo earum nobis labore. Facere dolor eos quibusdam libero impedit corrupti accusantium ipsam. Eos necessitatibus sit voluptate aspernatur vel.', 'Voluptas vel qui quae et dolor. Ut nesciunt consequatur voluptatem nihil. Temporibus aut consequuntur voluptas quos.'),
	(22, '2023-08-26 07:47:36', '2023-08-26 07:47:36', 42, 'Ea dolore iure odit impedit magnam est et nam. Iure eos reprehenderit excepturi earum culpa. Labore et fuga voluptatibus atque earum dicta.', 'Molestiae debitis dolores corrupti necessitatibus est. Reprehenderit officiis necessitatibus et possimus dicta rerum. Rerum officia assumenda expedita. Sint illum quae doloribus.', 'Rerum similique est quia voluptatem voluptas id et vero. Ad tenetur sit at. Voluptatem quis est quia libero.', 'Sed accusantium molestiae voluptatem voluptas. Ducimus neque modi repudiandae esse. Unde necessitatibus sit deleniti et distinctio fugit qui.'),
	(23, '2023-08-26 07:47:36', '2023-08-26 07:47:36', 43, 'Laudantium est aliquam expedita delectus neque. A consequatur tempora enim quo et dicta. Voluptatibus non a voluptas at autem officiis. Sunt rem distinctio velit et eos quia est quia.', 'Ullam repellendus dignissimos placeat explicabo accusantium laborum quisquam. Tempore in eligendi aspernatur quidem accusantium sequi quibusdam. Officiis neque placeat cumque nobis nihil id.', 'Deserunt quasi reprehenderit dolorum nisi aut voluptate in. Libero rem ut nisi provident. Placeat qui iste rerum velit perspiciatis. Eius repudiandae deleniti assumenda blanditiis.', 'Voluptates nobis aspernatur vel reiciendis similique minus ut. Repellat sunt error quia nihil repellendus. Asperiores non voluptas aut est.'),
	(24, '2023-08-26 07:47:36', '2023-08-26 07:47:36', 44, 'Sapiente fuga ea ut molestias dolorem ad maiores. Aperiam tempora quas provident consectetur. Qui quia ut eaque nobis harum velit.', 'Quidem tempore odit inventore aliquam. Eius eligendi maxime sit accusamus temporibus et ipsum. Consequatur sunt inventore debitis praesentium suscipit labore qui.', 'Dolor dolorem deserunt aut molestiae iusto necessitatibus necessitatibus. Doloribus eum ad est sed praesentium dicta sunt. Dolorum voluptas hic dolorem tempore.', 'Nihil sed ut rerum corporis nobis. Repellendus neque occaecati velit odio deserunt cupiditate. Rerum nisi et dicta voluptatem necessitatibus enim.'),
	(25, '2023-08-26 07:47:36', '2023-08-26 07:47:36', 45, 'Enim animi sunt nihil. Facere consequatur quia qui. Dolorem asperiores officiis aut animi perspiciatis omnis reiciendis.', 'Eum ipsam ullam tenetur ut. Sunt commodi enim iste eligendi facilis earum in. Modi aliquid optio non iure sed. Dicta est atque voluptas rerum.', 'Laborum non quos esse adipisci labore eos ut. Quis beatae velit ut enim perspiciatis sed. Nam ipsam autem est porro maiores eius. Harum est quos tempora.', 'Qui rerum perspiciatis laudantium suscipit vero quia nulla omnis. Recusandae ipsa nostrum sapiente ut. Ut sit et reprehenderit non. Consequatur quia voluptates aut impedit hic sit dolorem et.'),
	(26, '2023-08-26 07:47:36', '2023-08-26 07:47:36', 46, 'Est dolor similique asperiores magnam. Ab ex ut quia quos officia doloremque. Reprehenderit quaerat repudiandae aliquid voluptas.', 'Porro consequatur voluptatem magnam adipisci. Architecto ut natus exercitationem culpa sed quasi aut ut. Aliquid sed earum sint cupiditate numquam. Nesciunt et est eum vitae quaerat.', 'Eum perspiciatis beatae et enim. Animi harum et enim distinctio quas. Nesciunt dignissimos et qui quibusdam. Quos temporibus assumenda molestias placeat aut et eius quos.', 'Soluta culpa earum sed est. Quo non molestiae odit. Voluptatem aperiam ex molestiae illo est autem voluptatem aliquam. Consequatur qui ut aut fuga.'),
	(27, '2023-08-26 07:47:36', '2023-08-26 07:47:36', 47, 'Qui neque voluptatum velit debitis ex. Non voluptate iusto adipisci assumenda.', 'Alias maxime soluta voluptatibus quia consectetur voluptatibus. In maxime nulla reiciendis qui sed sint. Est sit qui sunt et sit. Placeat rem odio et non sint velit minima nulla.', 'Vel blanditiis iusto repellendus voluptas pariatur. Reprehenderit minus qui explicabo deleniti fugit illum occaecati. Magni autem necessitatibus aut.', 'Eligendi voluptas quia ullam deserunt suscipit. Mollitia sed assumenda iste quia corporis dolore et. Qui ratione at voluptatum aut. Ipsa numquam est et doloribus.'),
	(28, '2023-08-26 07:47:36', '2023-08-26 07:47:36', 48, 'Quia sequi vitae nulla laudantium ut non mollitia rerum. Doloremque in qui ipsam impedit impedit atque magnam. Voluptatem sunt beatae qui mollitia velit modi.', 'Earum omnis et id. Qui fugit expedita nisi sequi. Voluptatem nisi vero facere possimus quod. Nihil illum accusantium eum non atque velit.', 'Laborum sequi et cum voluptatem praesentium voluptatum eos. Blanditiis quibusdam illum magnam ea repellendus.', 'Illum doloremque sit voluptas dolor. Quae sit fugiat accusantium consequatur. Autem ratione veniam facilis laudantium error.'),
	(29, '2023-08-26 07:47:36', '2023-08-26 07:47:36', 49, 'Et quaerat magni optio alias aut consequatur beatae. Pariatur at dolorem rerum quod velit. Et nisi exercitationem est eos hic.', 'Saepe maxime consequuntur dolores modi. Officiis quasi dolore ea nihil aut et. Autem et beatae vero. Dolores vel sit blanditiis officiis qui commodi.', 'Voluptatem nam unde quia sint quo. Eum quo ipsum enim id ipsa vel cumque. Sint rem qui aliquam sit officia.', 'Et possimus architecto perspiciatis exercitationem modi ipsa at. Sed distinctio est hic nemo. Architecto eaque qui nisi qui sed impedit. Earum qui neque quae dolore temporibus fuga minus.'),
	(30, '2023-08-26 07:47:36', '2023-08-26 07:47:36', 50, 'Magni consequatur minima tenetur beatae numquam est et. Non error neque illum quae mollitia nisi. Magni a animi blanditiis quia.', 'Omnis excepturi qui porro molestias accusantium sit quia. Ut voluptatem et amet blanditiis odio dignissimos quia. Ut odio voluptatum aut possimus iure dolores.', 'Error repudiandae perspiciatis eligendi at et beatae. Tempora recusandae quidem sunt voluptatem quia.', 'Hic sed et non magni est. Ut aut debitis temporibus corrupti nesciunt. Sed aut sint et voluptatem enim qui labore. Nemo ex quod illum delectus deserunt in sint.'),
	(31, '2023-08-26 07:47:36', '2023-08-26 07:47:36', 51, 'Repellendus ut illum quia illo dolor beatae et. Nam molestiae ipsum quidem sed. Autem excepturi minima magnam totam assumenda sint aut dolorem.', 'Nihil sapiente similique nulla reprehenderit. Pariatur quae fuga voluptates officiis voluptas quibusdam animi.', 'Odit dolores sit et modi. Deleniti dolorem molestiae accusamus pariatur labore. Cum cupiditate harum nihil vero ut.', 'Et molestias quo sed incidunt rerum exercitationem. Exercitationem ratione sapiente vel commodi. Vel tempore ut qui distinctio omnis. Laborum suscipit quo et tenetur sint.'),
	(32, '2023-08-26 07:47:36', '2023-08-26 07:47:36', 52, 'Voluptatum aut neque quia qui deleniti. Quas ipsum hic adipisci. Et molestiae aliquam qui quia neque cumque voluptatem. Esse ad totam vel veritatis.', 'Laudantium quidem dignissimos et eum. Hic harum harum soluta eos. Qui officia ut autem et qui qui.', 'Corrupti voluptatem temporibus saepe et. Ea non qui velit repellat nemo laborum consequatur. Veniam modi molestias sit soluta. Error cupiditate incidunt aspernatur cumque rem quo.', 'Deserunt aut inventore cupiditate molestias. Sed atque ut cum et maxime eum. Nisi qui perferendis laudantium delectus ut inventore.'),
	(33, '2023-08-26 07:47:36', '2023-08-26 07:47:36', 53, 'Rerum debitis rerum provident officia est tempore veritatis. Eos rem eos labore sit aliquam ut non. Dolor impedit fugiat fuga nesciunt.', 'Saepe quo sint expedita id. Aut repudiandae vitae omnis exercitationem. Aliquam nulla modi sequi nemo corrupti dolores consequatur libero.', 'Perspiciatis qui nemo aliquam ut ut labore qui ipsum. Dolore et ad eum fugit repellat voluptatem suscipit dolores. Nisi reiciendis eaque reprehenderit. Ullam error distinctio ad qui est voluptatem.', 'Rerum reprehenderit quod sit. Assumenda non facere voluptates ea modi sunt saepe. Ut accusamus voluptatem odit. Esse in reprehenderit eaque voluptatibus mollitia voluptatem.'),
	(34, '2023-08-26 07:47:36', '2023-08-26 07:47:36', 54, 'Quibusdam facere repudiandae natus perspiciatis. Eaque porro sapiente ipsam voluptates. Quia assumenda iste in autem.', 'Earum temporibus dolor nobis incidunt corrupti officiis numquam. Et nesciunt id voluptatem. Blanditiis soluta eos nihil repellendus illo sit qui. Laudantium dolores a est hic sint.', 'Aspernatur odio repellat velit nihil necessitatibus dignissimos et. Quod est maiores et distinctio velit magnam magnam. Pariatur sit laboriosam qui.', 'Id nobis aut voluptates qui unde consequatur fugit. Consequatur voluptas molestiae eligendi est eligendi voluptates. Laboriosam quis delectus unde corrupti.'),
	(35, '2023-08-26 07:47:36', '2023-08-26 07:47:36', 55, 'Aut doloribus animi voluptas aliquam ea omnis atque. Soluta harum rerum aut qui et dolorem. Accusamus sed magni illo quisquam ipsum qui illo qui.', 'Odio voluptatum officiis ea eius temporibus qui dignissimos. Dolores at consectetur recusandae sed non omnis. Sit ducimus aliquam id rerum illum eos. Occaecati porro laborum sit ipsa quibusdam odit.', 'Rerum deserunt quia dolor et suscipit vitae amet ipsam. Aliquid sapiente aut voluptatem ut. Aut dolorem sit autem omnis velit voluptatem.', 'Tenetur quo eius qui architecto nostrum. Ipsum sed velit et dolore maiores repellat.'),
	(36, '2023-08-26 07:47:36', '2023-08-26 07:47:36', 56, 'Minima sed in facere esse id delectus aliquid. Necessitatibus omnis quia molestiae explicabo.', 'Atque velit repudiandae dignissimos. Iste rerum ipsam consectetur harum. Eos quo dolor quaerat debitis.', 'Omnis accusamus sequi est quas repudiandae corporis. Corporis sit qui incidunt voluptatum. Illo praesentium et cumque suscipit sed sunt totam. Eaque omnis aut qui ut veritatis.', 'Optio nihil aut consectetur architecto voluptates. Sequi quasi eligendi sapiente alias amet. Fugiat perspiciatis aut deleniti ut magnam sit aut.'),
	(37, '2023-08-26 07:47:36', '2023-08-26 07:47:36', 57, 'Asperiores veniam deleniti possimus facilis vitae laudantium aut. Ut quo accusantium et est. Perspiciatis dicta quo vero est vitae.', 'Quia est sint cupiditate sit omnis. Laboriosam velit ab sint laboriosam ratione impedit cupiditate. Ratione facilis dolorem qui qui sunt dolorem est.', 'Earum quasi fuga rerum voluptatum recusandae. Et reiciendis corporis quos consectetur quasi. Sapiente eius est culpa aut tempore blanditiis. Officiis eligendi animi commodi.', 'Dolor reprehenderit maiores omnis tenetur corrupti esse modi. Aut et animi architecto tenetur earum eveniet. Non necessitatibus molestiae non iusto ut.'),
	(38, '2023-08-26 07:47:36', '2023-08-26 07:47:36', 58, 'Aut quis vel cupiditate ipsum. Quos eius quidem ipsum facilis voluptatem accusantium amet. Eligendi illo sed ut accusantium.', 'Cupiditate voluptatem itaque harum ut autem optio. Voluptatem in quibusdam consequatur officiis voluptatem et. Iure dolorem aliquid nisi molestiae itaque itaque sed.', 'Veritatis ut dignissimos eum veniam ea adipisci. Ut nisi fugit mollitia. Dolorem beatae quae repellendus quisquam. Nihil dolore incidunt necessitatibus quasi et in vitae.', 'Ut similique voluptatum ratione nihil dolor dicta doloremque. Ad autem quia sequi et nisi. Laborum praesentium culpa id vel eos qui quia et.'),
	(39, '2023-08-26 07:47:36', '2023-08-26 07:47:36', 59, 'Explicabo explicabo corporis fuga amet ut. Quibusdam praesentium omnis ut ipsum. Eveniet possimus optio mollitia dolores.', 'Eos et sed eveniet eius ipsa exercitationem. Aspernatur earum temporibus provident odit. Harum cum cumque numquam natus fugiat.', 'Assumenda quibusdam enim quisquam aut ut illo. Consequuntur reiciendis est quas totam aspernatur. Consequuntur provident dolor et autem est voluptas et.', 'Neque placeat enim quis dolores non. Eum error eos qui et. Voluptatibus eum maxime aut quaerat. Rem nisi voluptatem rerum rem voluptate repellat.'),
	(40, '2023-08-26 07:47:36', '2023-08-26 07:47:36', 60, 'Modi error ut reiciendis est. Officia eius optio consequatur et ut et sit. Earum nihil cupiditate cum laboriosam. Error omnis ut et nobis in.', 'Autem neque optio repellat quos laborum corrupti eveniet est. Autem sit ea magni repellendus. Nihil iusto nobis maiores maiores rerum possimus sint.', 'Porro dolorem neque deleniti ut nemo itaque excepturi. Eveniet quis repellendus id et optio. Sit in asperiores ducimus impedit.', 'Magnam blanditiis dicta voluptatem odio. Quod repudiandae eveniet ratione repellendus quis tempore molestiae consequuntur. Sit tenetur est et pariatur porro.'),
	(41, '2023-08-26 07:47:36', '2023-08-26 07:47:36', 61, 'At eum deserunt excepturi reprehenderit dolor. Beatae consequuntur tempore in nesciunt. Aut autem consequuntur earum veniam rerum beatae temporibus quam.', 'Saepe in ut in sint maxime ab. Velit et nisi quia sapiente facere velit. Vitae voluptatem minima ipsam cumque beatae provident. Ullam nesciunt qui eum esse sint voluptatem.', 'Repellat laborum porro dolorum illo nihil minus illo. Excepturi laborum sit quia. Numquam deleniti consequatur vel quia est.', 'Quasi aut sed molestiae quo deleniti. Eveniet molestias reprehenderit hic ad in. Id accusantium dignissimos asperiores qui a et dolores. Animi quaerat tenetur aut dolores.'),
	(42, '2023-08-26 07:47:36', '2023-08-26 07:47:36', 62, 'Exercitationem aut unde consequatur rerum alias. Voluptas vel dolorem et dolorem quia nam. Voluptas et tenetur adipisci voluptas repellat rem in dolore.', 'Enim velit rem cumque temporibus dolor expedita. Aut qui autem est porro at laborum. Cupiditate quisquam nihil provident cum earum. Qui et temporibus harum.', 'Eos ea qui nulla dicta perferendis magni. Sit non et placeat aut. Repellendus dolorem cum quibusdam nihil et et harum. Omnis ipsum quo a ullam enim minus.', 'Ipsam dignissimos est maiores et. Alias quos dolorem et repudiandae illum. In et perferendis quia.'),
	(43, '2023-08-26 07:47:36', '2023-08-26 07:47:36', 63, 'Optio quasi temporibus dolor. Quia mollitia molestias esse sed nihil quis ab. Qui saepe blanditiis incidunt.', 'Autem non quas itaque omnis. Nihil quisquam incidunt repudiandae odit in minus dolorum. Repellat et consequatur qui facilis et quo.', 'In maiores quasi esse nemo. Eum quam atque sit fugiat neque. Nihil porro voluptatem qui consequatur perferendis porro. Modi voluptas in qui.', 'Magnam est dolor praesentium dolorem fuga quod soluta. Totam modi corrupti adipisci autem accusamus. Quia illo sapiente cum deleniti sed fuga ut.'),
	(44, '2023-08-26 07:47:36', '2023-08-26 07:47:36', 64, 'Qui velit dolor sit velit distinctio. Quisquam nesciunt recusandae nulla unde vel impedit quo. Quam cum officia possimus dolorem adipisci eveniet.', 'Qui nobis nesciunt qui in. Corrupti ipsam quod et et aut qui.', 'Aut dolorem ab eos sed autem saepe. Veritatis autem nam eaque a. Ipsum provident iste qui vitae quaerat suscipit omnis. Assumenda repellendus omnis quia et.', 'Vitae veniam qui et repellendus. Quaerat enim et fugit molestiae provident et deserunt et. Sunt accusantium laborum aspernatur ab quasi dolorum. Alias laborum nesciunt similique.'),
	(45, '2023-08-26 07:47:36', '2023-08-26 07:47:36', 65, 'Reprehenderit dolorem totam voluptates. Sit dignissimos et et labore sapiente ipsam. Eaque ex officiis qui quo explicabo vel saepe iure.', 'Assumenda est deserunt totam velit ipsa. Dolor incidunt voluptates maiores expedita. Et porro est tenetur perferendis ducimus consequatur placeat. Quo sed a quis vel alias consequatur facere.', 'Non optio ut vitae occaecati. Nihil distinctio quia at voluptatem sunt. Perspiciatis repellat consectetur asperiores pariatur rem perspiciatis blanditiis.', 'Dolor amet similique deleniti quaerat. Eveniet quo nostrum ut aliquam vitae perferendis officia. Veritatis et officiis quisquam ex qui. Possimus perspiciatis accusamus quae ipsum.'),
	(46, '2023-08-26 07:47:36', '2023-08-26 07:47:36', 66, 'Qui a repudiandae pariatur libero beatae. Delectus sed maiores quis. Cupiditate dolorem nulla quis quod adipisci nemo vitae et.', 'Eum non est ipsum est in accusamus. Voluptates ipsum pariatur ratione quia qui dignissimos. Et eos voluptas ipsum unde sit et officia.', 'Rerum placeat fuga corrupti ea. Pariatur ratione et omnis et ut. Quam adipisci commodi vero aut porro deleniti sed. Et qui magnam est voluptas.', 'Exercitationem aut voluptas quia voluptas aperiam. Fugiat quia autem unde dolorum. Dignissimos voluptatem id cum.'),
	(47, '2023-08-26 07:47:36', '2023-08-26 07:47:36', 67, 'Quis eum cum mollitia. Dolor inventore voluptas nobis aspernatur rem quisquam earum. Ratione ratione natus nesciunt.', 'Alias vitae voluptas et facere eum modi. Aut provident cupiditate consequatur. Recusandae maxime accusamus nihil voluptas.', 'Modi et qui nihil sunt. Ipsa labore nobis sapiente qui sed. Ut repellendus ab quisquam voluptas.', 'Ut et et minima ipsum error. Veniam sequi consequatur sint omnis. Natus amet aperiam ex tempora repudiandae. Rerum omnis rerum velit quod quo at.'),
	(48, '2023-08-26 07:47:36', '2023-08-26 07:47:36', 68, 'Perspiciatis deserunt dignissimos sunt sed aut vel. Sed qui ullam aut recusandae dolores. Harum et dolor voluptatem unde.', 'Unde eos at eaque fuga. Et quisquam aut dolor provident incidunt ullam facere adipisci. Sint voluptatem ut repellendus sit quaerat mollitia.', 'Sed temporibus quo dolorem voluptatem commodi vel rerum veritatis. Sit eum impedit dicta non et doloremque. Dolorem molestias quisquam occaecati illum consequuntur.', 'Autem quia harum minus porro recusandae aut. Rem esse et saepe nisi aut mollitia. Ut nihil doloribus voluptatum totam molestias sed.'),
	(49, '2023-08-26 07:47:36', '2023-08-26 07:47:36', 69, 'Alias magnam odit adipisci nam quae facere aut. Vel eveniet iure maxime occaecati quo aut. Molestias velit veritatis modi nisi. Animi et laborum et.', 'Eius rerum nulla repellendus nostrum. Id dolor dolore cum illo. Dolorem amet ea temporibus eos ullam unde facilis eos. Et ut expedita aut deleniti qui at. Harum odit et hic eos.', 'Consequatur minima non voluptas soluta et necessitatibus. Veritatis quisquam praesentium ipsa repellendus mollitia et. Inventore ea ut libero perspiciatis eos.', 'Animi harum quis possimus error. Magni vel est eos dolorem rerum sed animi. Quia dolores cumque voluptatum qui. Sed non exercitationem impedit in.'),
	(50, '2023-08-26 07:47:37', '2023-08-26 07:47:37', 70, 'Dolores quia hic dolore dolor sunt minus enim deleniti. Id omnis ut rerum in aperiam eius. Aut voluptas aut ipsa quia est saepe. Est numquam eos pariatur dolorem dolores non mollitia.', 'Porro sint veritatis rerum voluptas ullam. Omnis quod architecto ab nihil. Quo quod sunt id excepturi ullam magni praesentium. Et impedit mollitia reprehenderit mollitia et quam.', 'Laudantium vel labore beatae voluptatum officiis quis. Cupiditate ullam aliquid voluptatem laboriosam non et sapiente.', 'Et consectetur dolor rerum sapiente sint aut cupiditate. Magnam praesentium commodi illum impedit itaque ullam. Laboriosam fugiat fugit non dolor adipisci mollitia.');

-- Volcando estructura para tabla lavanderia.password_reset_tokens
CREATE TABLE IF NOT EXISTS `password_reset_tokens` (
  `email` varchar(255) NOT NULL,
  `token` varchar(255) NOT NULL,
  `created_at` timestamp NULL DEFAULT NULL,
  PRIMARY KEY (`email`)
) ENGINE=InnoDB DEFAULT CHARSET=utf8mb4 COLLATE=utf8mb4_unicode_ci;

-- Volcando datos para la tabla lavanderia.password_reset_tokens: ~0 rows (aproximadamente)

-- Volcando estructura para tabla lavanderia.personal_access_tokens
CREATE TABLE IF NOT EXISTS `personal_access_tokens` (
  `id` bigint(20) unsigned NOT NULL AUTO_INCREMENT,
  `tokenable_type` varchar(255) NOT NULL,
  `tokenable_id` bigint(20) unsigned NOT NULL,
  `name` varchar(255) NOT NULL,
  `token` varchar(64) NOT NULL,
  `abilities` text DEFAULT NULL,
  `last_used_at` timestamp NULL DEFAULT NULL,
  `expires_at` timestamp NULL DEFAULT NULL,
  `created_at` timestamp NULL DEFAULT NULL,
  `updated_at` timestamp NULL DEFAULT NULL,
  PRIMARY KEY (`id`),
  UNIQUE KEY `personal_access_tokens_token_unique` (`token`),
  KEY `personal_access_tokens_tokenable_type_tokenable_id_index` (`tokenable_type`,`tokenable_id`)
) ENGINE=InnoDB DEFAULT CHARSET=utf8mb4 COLLATE=utf8mb4_unicode_ci;

-- Volcando datos para la tabla lavanderia.personal_access_tokens: ~0 rows (aproximadamente)

-- Volcando estructura para tabla lavanderia.users
CREATE TABLE IF NOT EXISTS `users` (
  `id` bigint(20) unsigned NOT NULL AUTO_INCREMENT,
  `name` varchar(255) NOT NULL,
  `email` varchar(255) NOT NULL,
  `email_verified_at` timestamp NULL DEFAULT NULL,
  `password` varchar(255) NOT NULL,
  `remember_token` varchar(100) DEFAULT NULL,
  `created_at` timestamp NULL DEFAULT NULL,
  `updated_at` timestamp NULL DEFAULT NULL,
  PRIMARY KEY (`id`),
  UNIQUE KEY `users_email_unique` (`email`)
) ENGINE=InnoDB AUTO_INCREMENT=12 DEFAULT CHARSET=utf8mb4 COLLATE=utf8mb4_unicode_ci;

-- Volcando datos para la tabla lavanderia.users: ~11 rows (aproximadamente)
INSERT INTO `users` (`id`, `name`, `email`, `email_verified_at`, `password`, `remember_token`, `created_at`, `updated_at`) VALUES
	(1, 'Prof. Salvador Nader', 'mcclure.joanie@example.org', '2023-08-26 07:47:32', '$2y$10$92IXUNpkjO0rOQ5byMi.Ye4oKoEa3Ro9llC/.og/at2.uheWG/igi', 'jEAwqKEpMo', '2023-08-26 07:47:32', '2023-08-26 07:47:32'),
	(2, 'Mrs. Elise Wilderman', 'brekke.dominic@example.com', '2023-08-26 07:47:32', '$2y$10$92IXUNpkjO0rOQ5byMi.Ye4oKoEa3Ro9llC/.og/at2.uheWG/igi', 'hlN42BfEIg', '2023-08-26 07:47:32', '2023-08-26 07:47:32'),
	(3, 'Edison Ernser Sr.', 'aglae41@example.org', '2023-08-26 07:47:32', '$2y$10$92IXUNpkjO0rOQ5byMi.Ye4oKoEa3Ro9llC/.og/at2.uheWG/igi', '0TaCMHP16T', '2023-08-26 07:47:32', '2023-08-26 07:47:32'),
	(4, 'Merle Graham', 'miracle.zulauf@example.org', '2023-08-26 07:47:32', '$2y$10$92IXUNpkjO0rOQ5byMi.Ye4oKoEa3Ro9llC/.og/at2.uheWG/igi', 'yEx1vLkQz0', '2023-08-26 07:47:32', '2023-08-26 07:47:32'),
	(5, 'Mr. Verner Denesik', 'haylie.schaefer@example.net', '2023-08-26 07:47:32', '$2y$10$92IXUNpkjO0rOQ5byMi.Ye4oKoEa3Ro9llC/.og/at2.uheWG/igi', 'lBmqasjNf7', '2023-08-26 07:47:33', '2023-08-26 07:47:33'),
	(6, 'Sonia Kuhn', 'america56@example.net', '2023-08-26 07:47:32', '$2y$10$92IXUNpkjO0rOQ5byMi.Ye4oKoEa3Ro9llC/.og/at2.uheWG/igi', 'tFCycUGgOe', '2023-08-26 07:47:33', '2023-08-26 07:47:33'),
	(7, 'Mrs. Berenice Koss', 'scarlett.brekke@example.com', '2023-08-26 07:47:32', '$2y$10$92IXUNpkjO0rOQ5byMi.Ye4oKoEa3Ro9llC/.og/at2.uheWG/igi', 'kbGMPm9fIN', '2023-08-26 07:47:33', '2023-08-26 07:47:33'),
	(8, 'Norbert Howe', 'maureen37@example.com', '2023-08-26 07:47:32', '$2y$10$92IXUNpkjO0rOQ5byMi.Ye4oKoEa3Ro9llC/.og/at2.uheWG/igi', 'luP99NsbGd', '2023-08-26 07:47:33', '2023-08-26 07:47:33'),
	(9, 'Layne Littel', 'monica57@example.org', '2023-08-26 07:47:32', '$2y$10$92IXUNpkjO0rOQ5byMi.Ye4oKoEa3Ro9llC/.og/at2.uheWG/igi', 'U2FEB5CwJh', '2023-08-26 07:47:33', '2023-08-26 07:47:33'),
	(10, 'Omer Ritchie', 'murphy.kiana@example.net', '2023-08-26 07:47:32', '$2y$10$92IXUNpkjO0rOQ5byMi.Ye4oKoEa3Ro9llC/.og/at2.uheWG/igi', 'IShzQKoi1h', '2023-08-26 07:47:33', '2023-08-26 07:47:33'),
	(11, 'Admin', 'admin@admin.com', '2023-08-26 07:47:37', '$2y$10$8Pf0NnW8Rt5YT/iUlmXas.Q61OaPURSrR7K/zhq97Z0un8qi5i0z6', '6Wce32x3XX', '2023-08-26 07:47:37', '2023-08-26 07:47:37');

-- Volcando estructura para tabla lavanderia.wash_orders
CREATE TABLE IF NOT EXISTS `wash_orders` (
  `id` bigint(20) unsigned NOT NULL AUTO_INCREMENT,
  `created_at` timestamp NULL DEFAULT NULL,
  `updated_at` timestamp NULL DEFAULT NULL,
  `company_id` bigint(20) unsigned NOT NULL,
  `submission_date` date NOT NULL,
  `washing_date` date NOT NULL,
  PRIMARY KEY (`id`)
) ENGINE=InnoDB AUTO_INCREMENT=81 DEFAULT CHARSET=utf8mb4 COLLATE=utf8mb4_unicode_ci;

-- Volcando datos para la tabla lavanderia.wash_orders: ~80 rows (aproximadamente)
INSERT INTO `wash_orders` (`id`, `created_at`, `updated_at`, `company_id`, `submission_date`, `washing_date`) VALUES
	(1, '2023-08-26 07:47:33', '2023-08-26 07:47:33', 6, '1971-08-28', '2022-03-03'),
	(2, '2023-08-26 07:47:33', '2023-08-26 07:47:33', 7, '1996-09-23', '2007-11-27'),
	(3, '2023-08-26 07:47:33', '2023-08-26 07:47:33', 8, '1982-01-30', '1990-04-20'),
	(4, '2023-08-26 07:47:33', '2023-08-26 07:47:33', 9, '1995-11-28', '1995-09-21'),
	(5, '2023-08-26 07:47:33', '2023-08-26 07:47:33', 10, '1984-05-06', '1984-09-07'),
	(6, '2023-08-26 07:47:33', '2023-08-26 07:47:33', 11, '2017-05-10', '1972-04-20'),
	(7, '2023-08-26 07:47:33', '2023-08-26 07:47:33', 12, '1975-04-10', '1978-09-05'),
	(8, '2023-08-26 07:47:33', '2023-08-26 07:47:33', 13, '2013-05-18', '2003-02-15'),
	(9, '2023-08-26 07:47:33', '2023-08-26 07:47:33', 14, '1999-12-11', '2017-08-05'),
	(10, '2023-08-26 07:47:33', '2023-08-26 07:47:33', 15, '1972-07-05', '2010-04-06'),
	(11, '2023-08-26 07:47:33', '2023-08-26 07:47:33', 16, '1975-10-06', '1972-12-02'),
	(12, '2023-08-26 07:47:33', '2023-08-26 07:47:33', 17, '1983-06-18', '2016-02-03'),
	(13, '2023-08-26 07:47:33', '2023-08-26 07:47:33', 18, '1984-10-22', '1977-02-27'),
	(14, '2023-08-26 07:47:33', '2023-08-26 07:47:33', 19, '2000-11-03', '1985-11-05'),
	(15, '2023-08-26 07:47:33', '2023-08-26 07:47:33', 20, '2020-09-05', '1974-08-03'),
	(16, '2023-08-26 07:47:33', '2023-08-26 07:47:33', 21, '2001-08-05', '1991-09-27'),
	(17, '2023-08-26 07:47:33', '2023-08-26 07:47:33', 22, '1987-07-29', '2000-10-22'),
	(18, '2023-08-26 07:47:33', '2023-08-26 07:47:33', 23, '1993-02-12', '1986-01-06'),
	(19, '2023-08-26 07:47:34', '2023-08-26 07:47:34', 24, '1990-04-15', '2009-08-27'),
	(20, '2023-08-26 07:47:34', '2023-08-26 07:47:34', 25, '2016-07-22', '1979-04-04'),
	(21, '2023-08-26 07:47:34', '2023-08-26 07:47:34', 26, '1982-06-19', '2000-07-20'),
	(22, '2023-08-26 07:47:34', '2023-08-26 07:47:34', 27, '2012-08-23', '2019-05-26'),
	(23, '2023-08-26 07:47:34', '2023-08-26 07:47:34', 28, '1987-12-07', '2013-09-12'),
	(24, '2023-08-26 07:47:34', '2023-08-26 07:47:34', 29, '2002-05-26', '2016-01-13'),
	(25, '2023-08-26 07:47:34', '2023-08-26 07:47:34', 30, '2014-11-23', '1979-02-04'),
	(26, '2023-08-26 07:47:34', '2023-08-26 07:47:34', 31, '2008-10-23', '1979-12-03'),
	(27, '2023-08-26 07:47:34', '2023-08-26 07:47:34', 32, '1991-06-08', '1993-01-10'),
	(28, '2023-08-26 07:47:34', '2023-08-26 07:47:34', 33, '2004-02-27', '2016-05-14'),
	(29, '2023-08-26 07:47:34', '2023-08-26 07:47:34', 34, '2007-04-27', '1982-04-08'),
	(30, '2023-08-26 07:47:34', '2023-08-26 07:47:34', 35, '1982-12-24', '1981-02-05'),
	(31, '2023-08-26 07:47:34', '2023-08-26 07:47:34', 36, '1983-08-16', '1991-10-13'),
	(32, '2023-08-26 07:47:34', '2023-08-26 07:47:34', 37, '1983-12-11', '2014-09-29'),
	(33, '2023-08-26 07:47:34', '2023-08-26 07:47:34', 38, '2005-08-12', '2004-04-30'),
	(34, '2023-08-26 07:47:34', '2023-08-26 07:47:34', 39, '1986-02-25', '2015-11-18'),
	(35, '2023-08-26 07:47:34', '2023-08-26 07:47:34', 40, '1988-12-30', '2012-07-07'),
	(36, '2023-08-26 07:47:34', '2023-08-26 07:47:34', 41, '1983-04-17', '1997-01-18'),
	(37, '2023-08-26 07:47:34', '2023-08-26 07:47:34', 42, '1996-05-18', '1978-12-05'),
	(38, '2023-08-26 07:47:34', '2023-08-26 07:47:34', 43, '1979-08-17', '1982-02-02'),
	(39, '2023-08-26 07:47:34', '2023-08-26 07:47:34', 44, '1978-12-14', '1980-03-02'),
	(40, '2023-08-26 07:47:34', '2023-08-26 07:47:34', 45, '2014-05-12', '1981-04-10'),
	(41, '2023-08-26 07:47:34', '2023-08-26 07:47:34', 46, '1998-12-01', '2011-12-30'),
	(42, '2023-08-26 07:47:34', '2023-08-26 07:47:34', 47, '2011-09-18', '1998-04-08'),
	(43, '2023-08-26 07:47:35', '2023-08-26 07:47:35', 48, '2000-02-01', '1987-02-04'),
	(44, '2023-08-26 07:47:35', '2023-08-26 07:47:35', 49, '1977-01-24', '2001-09-08'),
	(45, '2023-08-26 07:47:35', '2023-08-26 07:47:35', 50, '1972-02-14', '1982-09-12'),
	(46, '2023-08-26 07:47:35', '2023-08-26 07:47:35', 51, '2018-04-22', '1987-05-12'),
	(47, '2023-08-26 07:47:35', '2023-08-26 07:47:35', 52, '2013-09-25', '1995-05-28'),
	(48, '2023-08-26 07:47:35', '2023-08-26 07:47:35', 53, '2012-07-28', '1996-02-06'),
	(49, '2023-08-26 07:47:35', '2023-08-26 07:47:35', 54, '2007-03-07', '1981-05-08'),
	(50, '2023-08-26 07:47:35', '2023-08-26 07:47:35', 55, '1995-03-29', '1986-02-23'),
	(51, '2023-08-26 07:47:35', '2023-08-26 07:47:35', 56, '2011-11-02', '2015-10-08'),
	(52, '2023-08-26 07:47:35', '2023-08-26 07:47:35', 57, '2016-01-23', '1998-08-09'),
	(53, '2023-08-26 07:47:35', '2023-08-26 07:47:35', 58, '1996-01-05', '1988-07-31'),
	(54, '2023-08-26 07:47:35', '2023-08-26 07:47:35', 59, '1993-03-17', '2020-03-09'),
	(55, '2023-08-26 07:47:35', '2023-08-26 07:47:35', 60, '2009-08-07', '2014-10-26'),
	(56, '2023-08-26 07:47:35', '2023-08-26 07:47:35', 61, '2001-03-31', '1976-08-19'),
	(57, '2023-08-26 07:47:35', '2023-08-26 07:47:35', 62, '1974-01-18', '1988-11-26'),
	(58, '2023-08-26 07:47:35', '2023-08-26 07:47:35', 63, '1995-05-15', '2002-03-12'),
	(59, '2023-08-26 07:47:35', '2023-08-26 07:47:35', 64, '2012-08-01', '1977-12-16'),
	(60, '2023-08-26 07:47:35', '2023-08-26 07:47:35', 65, '1981-03-02', '1971-04-16'),
	(61, '2023-08-26 07:47:35', '2023-08-26 07:47:35', 66, '1983-04-18', '2022-05-19'),
	(62, '2023-08-26 07:47:35', '2023-08-26 07:47:35', 67, '1994-08-24', '1989-02-20'),
	(63, '2023-08-26 07:47:35', '2023-08-26 07:47:35', 68, '2020-05-12', '1979-05-18'),
	(64, '2023-08-26 07:47:35', '2023-08-26 07:47:35', 69, '1984-09-14', '1980-12-18'),
	(65, '2023-08-26 07:47:35', '2023-08-26 07:47:35', 70, '2021-12-22', '2019-07-11'),
	(66, '2023-08-26 07:47:35', '2023-08-26 07:47:35', 71, '1978-11-02', '1979-07-15'),
	(67, '2023-08-26 07:47:35', '2023-08-26 07:47:35', 72, '2023-03-08', '1990-10-15'),
	(68, '2023-08-26 07:47:35', '2023-08-26 07:47:35', 73, '2009-06-14', '1988-05-12'),
	(69, '2023-08-26 07:47:36', '2023-08-26 07:47:36', 74, '2014-08-01', '1976-07-24'),
	(70, '2023-08-26 07:47:36', '2023-08-26 07:47:36', 75, '2023-04-12', '1975-07-18'),
	(71, '2023-08-26 07:47:36', '2023-08-26 07:47:36', 76, '1980-09-27', '1991-01-29'),
	(72, '2023-08-26 07:47:36', '2023-08-26 07:47:36', 77, '1995-12-05', '1985-09-11'),
	(73, '2023-08-26 07:47:36', '2023-08-26 07:47:36', 78, '2019-04-20', '1990-08-23'),
	(74, '2023-08-26 07:47:36', '2023-08-26 07:47:36', 79, '2007-03-01', '2019-02-26'),
	(75, '2023-08-26 07:47:36', '2023-08-26 07:47:36', 80, '1974-05-15', '2021-04-01'),
	(76, '2023-08-26 07:47:36', '2023-08-26 07:47:36', 81, '2019-10-11', '1996-03-31'),
	(77, '2023-08-26 07:47:36', '2023-08-26 07:47:36', 82, '1983-05-17', '2005-01-13'),
	(78, '2023-08-26 07:47:36', '2023-08-26 07:47:36', 83, '2014-09-28', '2004-04-29'),
	(79, '2023-08-26 07:47:36', '2023-08-26 07:47:36', 84, '1985-08-07', '1977-08-29'),
	(80, '2023-08-26 07:47:36', '2023-08-26 07:47:36', 85, '1974-12-23', '1982-03-23');

/*!40103 SET TIME_ZONE=IFNULL(@OLD_TIME_ZONE, 'system') */;
/*!40101 SET SQL_MODE=IFNULL(@OLD_SQL_MODE, '') */;
/*!40014 SET FOREIGN_KEY_CHECKS=IFNULL(@OLD_FOREIGN_KEY_CHECKS, 1) */;
/*!40101 SET CHARACTER_SET_CLIENT=@OLD_CHARACTER_SET_CLIENT */;
/*!40111 SET SQL_NOTES=IFNULL(@OLD_SQL_NOTES, 1) */;
